-- MySQL dump 10.13  Distrib 5.5.35, for debian-linux-gnu (i686)
--
-- Host: localhost    Database: flosite
-- ------------------------------------------------------
-- Server version	5.5.35-0+wheezy1-log

/*!40101 SET @OLD_CHARACTER_SET_CLIENT=@@CHARACTER_SET_CLIENT */;
/*!40101 SET @OLD_CHARACTER_SET_RESULTS=@@CHARACTER_SET_RESULTS */;
/*!40101 SET @OLD_COLLATION_CONNECTION=@@COLLATION_CONNECTION */;
/*!40101 SET NAMES utf8 */;
/*!40103 SET @OLD_TIME_ZONE=@@TIME_ZONE */;
/*!40103 SET TIME_ZONE='+00:00' */;
/*!40014 SET @OLD_UNIQUE_CHECKS=@@UNIQUE_CHECKS, UNIQUE_CHECKS=0 */;
/*!40014 SET @OLD_FOREIGN_KEY_CHECKS=@@FOREIGN_KEY_CHECKS, FOREIGN_KEY_CHECKS=0 */;
/*!40101 SET @OLD_SQL_MODE=@@SQL_MODE, SQL_MODE='NO_AUTO_VALUE_ON_ZERO' */;
/*!40111 SET @OLD_SQL_NOTES=@@SQL_NOTES, SQL_NOTES=0 */;

--
-- Table structure for table `accounts_myprofile`
--

DROP TABLE IF EXISTS `accounts_myprofile`;
/*!40101 SET @saved_cs_client     = @@character_set_client */;
/*!40101 SET character_set_client = utf8 */;
CREATE TABLE `accounts_myprofile` (
  `id` int(11) NOT NULL AUTO_INCREMENT,
  `mugshot` varchar(100) NOT NULL,
  `privacy` varchar(15) NOT NULL,
  `user_id` int(11) NOT NULL,
  `favourite_snack` varchar(50) NOT NULL,
  PRIMARY KEY (`id`),
  UNIQUE KEY `user_id` (`user_id`),
  CONSTRAINT `user_id_refs_id_6e7d9056` FOREIGN KEY (`user_id`) REFERENCES `auth_user` (`id`)
) ENGINE=InnoDB AUTO_INCREMENT=2 DEFAULT CHARSET=latin1;
/*!40101 SET character_set_client = @saved_cs_client */;

--
-- Dumping data for table `accounts_myprofile`
--

LOCK TABLES `accounts_myprofile` WRITE;
/*!40000 ALTER TABLE `accounts_myprofile` DISABLE KEYS */;
INSERT INTO `accounts_myprofile` VALUES (1,'','registered',1,'');
/*!40000 ALTER TABLE `accounts_myprofile` ENABLE KEYS */;
UNLOCK TABLES;

--
-- Table structure for table `auth_group`
--

DROP TABLE IF EXISTS `auth_group`;
/*!40101 SET @saved_cs_client     = @@character_set_client */;
/*!40101 SET character_set_client = utf8 */;
CREATE TABLE `auth_group` (
  `id` int(11) NOT NULL AUTO_INCREMENT,
  `name` varchar(80) NOT NULL,
  PRIMARY KEY (`id`),
  UNIQUE KEY `name` (`name`)
) ENGINE=InnoDB DEFAULT CHARSET=latin1;
/*!40101 SET character_set_client = @saved_cs_client */;

--
-- Dumping data for table `auth_group`
--

LOCK TABLES `auth_group` WRITE;
/*!40000 ALTER TABLE `auth_group` DISABLE KEYS */;
/*!40000 ALTER TABLE `auth_group` ENABLE KEYS */;
UNLOCK TABLES;

--
-- Table structure for table `auth_group_permissions`
--

DROP TABLE IF EXISTS `auth_group_permissions`;
/*!40101 SET @saved_cs_client     = @@character_set_client */;
/*!40101 SET character_set_client = utf8 */;
CREATE TABLE `auth_group_permissions` (
  `id` int(11) NOT NULL AUTO_INCREMENT,
  `group_id` int(11) NOT NULL,
  `permission_id` int(11) NOT NULL,
  PRIMARY KEY (`id`),
  UNIQUE KEY `group_id` (`group_id`,`permission_id`),
  KEY `auth_group_permissions_5f412f9a` (`group_id`),
  KEY `auth_group_permissions_83d7f98b` (`permission_id`),
  CONSTRAINT `group_id_refs_id_f4b32aac` FOREIGN KEY (`group_id`) REFERENCES `auth_group` (`id`),
  CONSTRAINT `permission_id_refs_id_6ba0f519` FOREIGN KEY (`permission_id`) REFERENCES `auth_permission` (`id`)
) ENGINE=InnoDB DEFAULT CHARSET=latin1;
/*!40101 SET character_set_client = @saved_cs_client */;

--
-- Dumping data for table `auth_group_permissions`
--

LOCK TABLES `auth_group_permissions` WRITE;
/*!40000 ALTER TABLE `auth_group_permissions` DISABLE KEYS */;
/*!40000 ALTER TABLE `auth_group_permissions` ENABLE KEYS */;
UNLOCK TABLES;

--
-- Table structure for table `auth_permission`
--

DROP TABLE IF EXISTS `auth_permission`;
/*!40101 SET @saved_cs_client     = @@character_set_client */;
/*!40101 SET character_set_client = utf8 */;
CREATE TABLE `auth_permission` (
  `id` int(11) NOT NULL AUTO_INCREMENT,
  `name` varchar(50) NOT NULL,
  `content_type_id` int(11) NOT NULL,
  `codename` varchar(100) NOT NULL,
  PRIMARY KEY (`id`),
  UNIQUE KEY `content_type_id` (`content_type_id`,`codename`),
  KEY `auth_permission_37ef4eb4` (`content_type_id`),
  CONSTRAINT `content_type_id_refs_id_d043b34a` FOREIGN KEY (`content_type_id`) REFERENCES `django_content_type` (`id`)
) ENGINE=InnoDB AUTO_INCREMENT=65 DEFAULT CHARSET=latin1;
/*!40101 SET character_set_client = @saved_cs_client */;

--
-- Dumping data for table `auth_permission`
--

LOCK TABLES `auth_permission` WRITE;
/*!40000 ALTER TABLE `auth_permission` DISABLE KEYS */;
INSERT INTO `auth_permission` VALUES (1,'Can add permission',1,'add_permission'),(2,'Can change permission',1,'change_permission'),(3,'Can delete permission',1,'delete_permission'),(4,'Can add group',2,'add_group'),(5,'Can change group',2,'change_group'),(6,'Can delete group',2,'delete_group'),(7,'Can add user',3,'add_user'),(8,'Can change user',3,'change_user'),(9,'Can delete user',3,'delete_user'),(10,'Can add content type',4,'add_contenttype'),(11,'Can change content type',4,'change_contenttype'),(12,'Can delete content type',4,'delete_contenttype'),(13,'Can add session',5,'add_session'),(14,'Can change session',5,'change_session'),(15,'Can delete session',5,'delete_session'),(16,'Can add site',6,'add_site'),(17,'Can change site',6,'change_site'),(18,'Can delete site',6,'delete_site'),(19,'Can add userena registration',7,'add_userenasignup'),(20,'Can change userena registration',7,'change_userenasignup'),(21,'Can delete userena registration',7,'delete_userenasignup'),(22,'Can add contact',8,'add_messagecontact'),(23,'Can change contact',8,'change_messagecontact'),(24,'Can delete contact',8,'delete_messagecontact'),(25,'Can add recipient',9,'add_messagerecipient'),(26,'Can change recipient',9,'change_messagerecipient'),(27,'Can delete recipient',9,'delete_messagerecipient'),(28,'Can add message',10,'add_message'),(29,'Can change message',10,'change_message'),(30,'Can delete message',10,'delete_message'),(31,'Can add source',11,'add_source'),(32,'Can change source',11,'change_source'),(33,'Can delete source',11,'delete_source'),(34,'Can add thumbnail',12,'add_thumbnail'),(35,'Can change thumbnail',12,'change_thumbnail'),(36,'Can delete thumbnail',12,'delete_thumbnail'),(37,'Can add my profile',13,'add_myprofile'),(38,'Can change my profile',13,'change_myprofile'),(39,'Can delete my profile',13,'delete_myprofile'),(40,'Can view profile',13,'view_profile'),(41,'Can add type document',14,'add_typedocument'),(42,'Can change type document',14,'change_typedocument'),(43,'Can delete type document',14,'delete_typedocument'),(44,'Can add staff',15,'add_staff'),(45,'Can change staff',15,'change_staff'),(46,'Can delete staff',15,'delete_staff'),(47,'Can add employee',16,'add_employee'),(48,'Can change employee',16,'change_employee'),(49,'Can delete employee',16,'delete_employee'),(50,'Can add driver',17,'add_driver'),(51,'Can change driver',17,'change_driver'),(52,'Can delete driver',17,'delete_driver'),(53,'Can add guard',18,'add_guard'),(54,'Can change guard',18,'change_guard'),(55,'Can delete guard',18,'delete_guard'),(56,'Can add guest',19,'add_guest'),(57,'Can change guest',19,'change_guest'),(58,'Can delete guest',19,'delete_guest'),(59,'Can add user object permission',20,'add_userobjectpermission'),(60,'Can change user object permission',20,'change_userobjectpermission'),(61,'Can delete user object permission',20,'delete_userobjectpermission'),(62,'Can add group object permission',21,'add_groupobjectpermission'),(63,'Can change group object permission',21,'change_groupobjectpermission'),(64,'Can delete group object permission',21,'delete_groupobjectpermission');
/*!40000 ALTER TABLE `auth_permission` ENABLE KEYS */;
UNLOCK TABLES;

--
-- Table structure for table `auth_user`
--

DROP TABLE IF EXISTS `auth_user`;
/*!40101 SET @saved_cs_client     = @@character_set_client */;
/*!40101 SET character_set_client = utf8 */;
CREATE TABLE `auth_user` (
  `id` int(11) NOT NULL AUTO_INCREMENT,
  `password` varchar(128) NOT NULL,
  `last_login` datetime NOT NULL,
  `is_superuser` tinyint(1) NOT NULL,
  `username` varchar(30) NOT NULL,
  `first_name` varchar(30) NOT NULL,
  `last_name` varchar(30) NOT NULL,
  `email` varchar(75) NOT NULL,
  `is_staff` tinyint(1) NOT NULL,
  `is_active` tinyint(1) NOT NULL,
  `date_joined` datetime NOT NULL,
  PRIMARY KEY (`id`),
  UNIQUE KEY `username` (`username`)
) ENGINE=InnoDB AUTO_INCREMENT=2 DEFAULT CHARSET=latin1;
/*!40101 SET character_set_client = @saved_cs_client */;

--
-- Dumping data for table `auth_user`
--

LOCK TABLES `auth_user` WRITE;
/*!40000 ALTER TABLE `auth_user` DISABLE KEYS */;
INSERT INTO `auth_user` VALUES (-1,'','2014-01-06 21:18:53',0,'AnonymousUser','','','',0,1,'2014-01-06 21:18:53'),(1,'pbkdf2_sha256$12000$UnTIt1luPd3a$A0fsEQpUfilG59HTpnPxXhKYst47DhEdXpJoBN7jZkM=','2014-03-06 14:42:43',1,'benji','','','josebenjaminp@gmail.com',1,1,'2014-01-06 21:18:52');
/*!40000 ALTER TABLE `auth_user` ENABLE KEYS */;
UNLOCK TABLES;

--
-- Table structure for table `auth_user_groups`
--

DROP TABLE IF EXISTS `auth_user_groups`;
/*!40101 SET @saved_cs_client     = @@character_set_client */;
/*!40101 SET character_set_client = utf8 */;
CREATE TABLE `auth_user_groups` (
  `id` int(11) NOT NULL AUTO_INCREMENT,
  `user_id` int(11) NOT NULL,
  `group_id` int(11) NOT NULL,
  PRIMARY KEY (`id`),
  UNIQUE KEY `user_id` (`user_id`,`group_id`),
  KEY `auth_user_groups_6340c63c` (`user_id`),
  KEY `auth_user_groups_5f412f9a` (`group_id`),
  CONSTRAINT `group_id_refs_id_274b862c` FOREIGN KEY (`group_id`) REFERENCES `auth_group` (`id`),
  CONSTRAINT `user_id_refs_id_40c41112` FOREIGN KEY (`user_id`) REFERENCES `auth_user` (`id`)
) ENGINE=InnoDB DEFAULT CHARSET=latin1;
/*!40101 SET character_set_client = @saved_cs_client */;

--
-- Dumping data for table `auth_user_groups`
--

LOCK TABLES `auth_user_groups` WRITE;
/*!40000 ALTER TABLE `auth_user_groups` DISABLE KEYS */;
/*!40000 ALTER TABLE `auth_user_groups` ENABLE KEYS */;
UNLOCK TABLES;

--
-- Table structure for table `auth_user_user_permissions`
--

DROP TABLE IF EXISTS `auth_user_user_permissions`;
/*!40101 SET @saved_cs_client     = @@character_set_client */;
/*!40101 SET character_set_client = utf8 */;
CREATE TABLE `auth_user_user_permissions` (
  `id` int(11) NOT NULL AUTO_INCREMENT,
  `user_id` int(11) NOT NULL,
  `permission_id` int(11) NOT NULL,
  PRIMARY KEY (`id`),
  UNIQUE KEY `user_id` (`user_id`,`permission_id`),
  KEY `auth_user_user_permissions_6340c63c` (`user_id`),
  KEY `auth_user_user_permissions_83d7f98b` (`permission_id`),
  CONSTRAINT `permission_id_refs_id_35d9ac25` FOREIGN KEY (`permission_id`) REFERENCES `auth_permission` (`id`),
  CONSTRAINT `user_id_refs_id_4dc23c39` FOREIGN KEY (`user_id`) REFERENCES `auth_user` (`id`)
) ENGINE=InnoDB DEFAULT CHARSET=latin1;
/*!40101 SET character_set_client = @saved_cs_client */;

--
-- Dumping data for table `auth_user_user_permissions`
--

LOCK TABLES `auth_user_user_permissions` WRITE;
/*!40000 ALTER TABLE `auth_user_user_permissions` DISABLE KEYS */;
/*!40000 ALTER TABLE `auth_user_user_permissions` ENABLE KEYS */;
UNLOCK TABLES;

--
-- Table structure for table `django_content_type`
--

DROP TABLE IF EXISTS `django_content_type`;
/*!40101 SET @saved_cs_client     = @@character_set_client */;
/*!40101 SET character_set_client = utf8 */;
CREATE TABLE `django_content_type` (
  `id` int(11) NOT NULL AUTO_INCREMENT,
  `name` varchar(100) NOT NULL,
  `app_label` varchar(100) NOT NULL,
  `model` varchar(100) NOT NULL,
  PRIMARY KEY (`id`),
  UNIQUE KEY `app_label` (`app_label`,`model`)
) ENGINE=InnoDB AUTO_INCREMENT=22 DEFAULT CHARSET=latin1;
/*!40101 SET character_set_client = @saved_cs_client */;

--
-- Dumping data for table `django_content_type`
--

LOCK TABLES `django_content_type` WRITE;
/*!40000 ALTER TABLE `django_content_type` DISABLE KEYS */;
INSERT INTO `django_content_type` VALUES (1,'permission','auth','permission'),(2,'group','auth','group'),(3,'user','auth','user'),(4,'content type','contenttypes','contenttype'),(5,'session','sessions','session'),(6,'site','sites','site'),(7,'userena registration','userena','userenasignup'),(8,'contact','umessages','messagecontact'),(9,'recipient','umessages','messagerecipient'),(10,'message','umessages','message'),(11,'source','easy_thumbnails','source'),(12,'thumbnail','easy_thumbnails','thumbnail'),(13,'my profile','accounts','myprofile'),(14,'type document','utils','typedocument'),(15,'staff','staff','staff'),(16,'employee','staff','employee'),(17,'driver','staff','driver'),(18,'guard','staff','guard'),(19,'guest','guest','guest'),(20,'user object permission','guardian','userobjectpermission'),(21,'group object permission','guardian','groupobjectpermission');
/*!40000 ALTER TABLE `django_content_type` ENABLE KEYS */;
UNLOCK TABLES;

--
-- Table structure for table `django_session`
--

DROP TABLE IF EXISTS `django_session`;
/*!40101 SET @saved_cs_client     = @@character_set_client */;
/*!40101 SET character_set_client = utf8 */;
CREATE TABLE `django_session` (
  `session_key` varchar(40) NOT NULL,
  `session_data` longtext NOT NULL,
  `expire_date` datetime NOT NULL,
  PRIMARY KEY (`session_key`),
  KEY `django_session_b7b81f0c` (`expire_date`)
) ENGINE=InnoDB DEFAULT CHARSET=latin1;
/*!40101 SET character_set_client = @saved_cs_client */;

--
-- Dumping data for table `django_session`
--

LOCK TABLES `django_session` WRITE;
/*!40000 ALTER TABLE `django_session` DISABLE KEYS */;
INSERT INTO `django_session` VALUES ('c5toq2ofejjotcsjnsp55on1rm4o0bwv','MGFlNWExZGEzMzg1NjA0ZGUxMjMyZjE3YWU4M2Q3YTRmZmI5NGM4ODp7Il9zZXNzaW9uX2V4cGlyeSI6MCwiX2F1dGhfdXNlcl9iYWNrZW5kIjoidXNlcmVuYS5iYWNrZW5kcy5Vc2VyZW5hQXV0aGVudGljYXRpb25CYWNrZW5kIiwiX2F1dGhfdXNlcl9pZCI6MX0=','2014-01-20 21:19:29'),('do3qoei2t9storau0je6mpk74deh0zey','MGFlNWExZGEzMzg1NjA0ZGUxMjMyZjE3YWU4M2Q3YTRmZmI5NGM4ODp7Il9zZXNzaW9uX2V4cGlyeSI6MCwiX2F1dGhfdXNlcl9iYWNrZW5kIjoidXNlcmVuYS5iYWNrZW5kcy5Vc2VyZW5hQXV0aGVudGljYXRpb25CYWNrZW5kIiwiX2F1dGhfdXNlcl9pZCI6MX0=','2014-03-20 14:42:43'),('xlfzmi24r5gkllravmfx7iu9dad79yy8','OTUyMWMxNTA0OWMxN2Y0YmI0NWMzMzVmYTAzNzdjYjg2ZGE0ODFkMjp7fQ==','2014-02-27 19:43:10');
/*!40000 ALTER TABLE `django_session` ENABLE KEYS */;
UNLOCK TABLES;

--
-- Table structure for table `django_site`
--

DROP TABLE IF EXISTS `django_site`;
/*!40101 SET @saved_cs_client     = @@character_set_client */;
/*!40101 SET character_set_client = utf8 */;
CREATE TABLE `django_site` (
  `id` int(11) NOT NULL AUTO_INCREMENT,
  `domain` varchar(100) NOT NULL,
  `name` varchar(50) NOT NULL,
  PRIMARY KEY (`id`)
) ENGINE=InnoDB AUTO_INCREMENT=2 DEFAULT CHARSET=latin1;
/*!40101 SET character_set_client = @saved_cs_client */;

--
-- Dumping data for table `django_site`
--

LOCK TABLES `django_site` WRITE;
/*!40000 ALTER TABLE `django_site` DISABLE KEYS */;
INSERT INTO `django_site` VALUES (1,'example.com','example.com');
/*!40000 ALTER TABLE `django_site` ENABLE KEYS */;
UNLOCK TABLES;

--
-- Table structure for table `easy_thumbnails_source`
--

DROP TABLE IF EXISTS `easy_thumbnails_source`;
/*!40101 SET @saved_cs_client     = @@character_set_client */;
/*!40101 SET character_set_client = utf8 */;
CREATE TABLE `easy_thumbnails_source` (
  `id` int(11) NOT NULL AUTO_INCREMENT,
  `storage_hash` varchar(40) NOT NULL,
  `name` varchar(255) NOT NULL,
  `modified` datetime NOT NULL,
  PRIMARY KEY (`id`),
  UNIQUE KEY `storage_hash` (`storage_hash`,`name`),
  KEY `easy_thumbnails_source_3f0464e5` (`storage_hash`),
  KEY `easy_thumbnails_source_4da47e07` (`name`)
) ENGINE=InnoDB DEFAULT CHARSET=latin1;
/*!40101 SET character_set_client = @saved_cs_client */;

--
-- Dumping data for table `easy_thumbnails_source`
--

LOCK TABLES `easy_thumbnails_source` WRITE;
/*!40000 ALTER TABLE `easy_thumbnails_source` DISABLE KEYS */;
/*!40000 ALTER TABLE `easy_thumbnails_source` ENABLE KEYS */;
UNLOCK TABLES;

--
-- Table structure for table `easy_thumbnails_thumbnail`
--

DROP TABLE IF EXISTS `easy_thumbnails_thumbnail`;
/*!40101 SET @saved_cs_client     = @@character_set_client */;
/*!40101 SET character_set_client = utf8 */;
CREATE TABLE `easy_thumbnails_thumbnail` (
  `id` int(11) NOT NULL AUTO_INCREMENT,
  `storage_hash` varchar(40) NOT NULL,
  `name` varchar(255) NOT NULL,
  `modified` datetime NOT NULL,
  `source_id` int(11) NOT NULL,
  PRIMARY KEY (`id`),
  UNIQUE KEY `storage_hash` (`storage_hash`,`name`,`source_id`),
  KEY `easy_thumbnails_thumbnail_3f0464e5` (`storage_hash`),
  KEY `easy_thumbnails_thumbnail_4da47e07` (`name`),
  KEY `easy_thumbnails_thumbnail_a34b03a6` (`source_id`),
  CONSTRAINT `source_id_refs_id_0df57a91` FOREIGN KEY (`source_id`) REFERENCES `easy_thumbnails_source` (`id`)
) ENGINE=InnoDB DEFAULT CHARSET=latin1;
/*!40101 SET character_set_client = @saved_cs_client */;

--
-- Dumping data for table `easy_thumbnails_thumbnail`
--

LOCK TABLES `easy_thumbnails_thumbnail` WRITE;
/*!40000 ALTER TABLE `easy_thumbnails_thumbnail` DISABLE KEYS */;
/*!40000 ALTER TABLE `easy_thumbnails_thumbnail` ENABLE KEYS */;
UNLOCK TABLES;

--
-- Table structure for table `guardian_groupobjectpermission`
--

DROP TABLE IF EXISTS `guardian_groupobjectpermission`;
/*!40101 SET @saved_cs_client     = @@character_set_client */;
/*!40101 SET character_set_client = utf8 */;
CREATE TABLE `guardian_groupobjectpermission` (
  `id` int(11) NOT NULL AUTO_INCREMENT,
  `permission_id` int(11) NOT NULL,
  `content_type_id` int(11) NOT NULL,
  `object_pk` varchar(255) NOT NULL,
  `group_id` int(11) NOT NULL,
  PRIMARY KEY (`id`),
  UNIQUE KEY `group_id` (`group_id`,`permission_id`,`object_pk`),
  KEY `guardian_groupobjectpermission_83d7f98b` (`permission_id`),
  KEY `guardian_groupobjectpermission_37ef4eb4` (`content_type_id`),
  KEY `guardian_groupobjectpermission_5f412f9a` (`group_id`),
  CONSTRAINT `content_type_id_refs_id_ca873eba` FOREIGN KEY (`content_type_id`) REFERENCES `django_content_type` (`id`),
  CONSTRAINT `group_id_refs_id_d890d4d6` FOREIGN KEY (`group_id`) REFERENCES `auth_group` (`id`),
  CONSTRAINT `permission_id_refs_id_ab04ab90` FOREIGN KEY (`permission_id`) REFERENCES `auth_permission` (`id`)
) ENGINE=InnoDB DEFAULT CHARSET=latin1;
/*!40101 SET character_set_client = @saved_cs_client */;

--
-- Dumping data for table `guardian_groupobjectpermission`
--

LOCK TABLES `guardian_groupobjectpermission` WRITE;
/*!40000 ALTER TABLE `guardian_groupobjectpermission` DISABLE KEYS */;
/*!40000 ALTER TABLE `guardian_groupobjectpermission` ENABLE KEYS */;
UNLOCK TABLES;

--
-- Table structure for table `guardian_userobjectpermission`
--

DROP TABLE IF EXISTS `guardian_userobjectpermission`;
/*!40101 SET @saved_cs_client     = @@character_set_client */;
/*!40101 SET character_set_client = utf8 */;
CREATE TABLE `guardian_userobjectpermission` (
  `id` int(11) NOT NULL AUTO_INCREMENT,
  `permission_id` int(11) NOT NULL,
  `content_type_id` int(11) NOT NULL,
  `object_pk` varchar(255) NOT NULL,
  `user_id` int(11) NOT NULL,
  PRIMARY KEY (`id`),
  UNIQUE KEY `user_id` (`user_id`,`permission_id`,`object_pk`),
  KEY `guardian_userobjectpermission_83d7f98b` (`permission_id`),
  KEY `guardian_userobjectpermission_37ef4eb4` (`content_type_id`),
  KEY `guardian_userobjectpermission_6340c63c` (`user_id`),
  CONSTRAINT `content_type_id_refs_id_ccf6cb3f` FOREIGN KEY (`content_type_id`) REFERENCES `django_content_type` (`id`),
  CONSTRAINT `permission_id_refs_id_720a4b21` FOREIGN KEY (`permission_id`) REFERENCES `auth_permission` (`id`),
  CONSTRAINT `user_id_refs_id_29f71157` FOREIGN KEY (`user_id`) REFERENCES `auth_user` (`id`)
) ENGINE=InnoDB DEFAULT CHARSET=latin1;
/*!40101 SET character_set_client = @saved_cs_client */;

--
-- Dumping data for table `guardian_userobjectpermission`
--

LOCK TABLES `guardian_userobjectpermission` WRITE;
/*!40000 ALTER TABLE `guardian_userobjectpermission` DISABLE KEYS */;
/*!40000 ALTER TABLE `guardian_userobjectpermission` ENABLE KEYS */;
UNLOCK TABLES;

--
-- Table structure for table `guest_guest`
--

DROP TABLE IF EXISTS `guest_guest`;
/*!40101 SET @saved_cs_client     = @@character_set_client */;
/*!40101 SET character_set_client = utf8 */;
CREATE TABLE `guest_guest` (
  `id` int(11) NOT NULL AUTO_INCREMENT,
  `first_name` varchar(45) NOT NULL,
  `last_name` varchar(45) NOT NULL,
  `date_created` date NOT NULL,
  `type_document_id` int(11) NOT NULL,
  `issue_document` varchar(3) DEFAULT NULL,
  `issue_document_other` varchar(45) DEFAULT NULL,
  `val_document` varchar(30) NOT NULL,
  `gender` varchar(1) NOT NULL,
  PRIMARY KEY (`id`),
  KEY `guest_guest_bb5c4113` (`type_document_id`),
  CONSTRAINT `type_document_id_refs_id_dd156612` FOREIGN KEY (`type_document_id`) REFERENCES `utils_typedocument` (`id`)
) ENGINE=InnoDB DEFAULT CHARSET=latin1;
/*!40101 SET character_set_client = @saved_cs_client */;

--
-- Dumping data for table `guest_guest`
--

LOCK TABLES `guest_guest` WRITE;
/*!40000 ALTER TABLE `guest_guest` DISABLE KEYS */;
/*!40000 ALTER TABLE `guest_guest` ENABLE KEYS */;
UNLOCK TABLES;

--
-- Table structure for table `staff_driver`
--

DROP TABLE IF EXISTS `staff_driver`;
/*!40101 SET @saved_cs_client     = @@character_set_client */;
/*!40101 SET character_set_client = utf8 */;
CREATE TABLE `staff_driver` (
  `id` int(11) NOT NULL AUTO_INCREMENT,
  `employee_id` int(11) NOT NULL,
  `driver_license` varchar(30) DEFAULT NULL,
  `driver_category` varchar(1) DEFAULT NULL,
  `expiration_date` date DEFAULT NULL,
  `is_active` tinyint(1) NOT NULL,
  PRIMARY KEY (`id`),
  UNIQUE KEY `employee_id` (`employee_id`),
  UNIQUE KEY `driver_license` (`driver_license`),
  CONSTRAINT `employee_id_refs_id_3b776c2f` FOREIGN KEY (`employee_id`) REFERENCES `staff_employee` (`id`)
) ENGINE=InnoDB AUTO_INCREMENT=169 DEFAULT CHARSET=latin1;
/*!40101 SET character_set_client = @saved_cs_client */;

--
-- Dumping data for table `staff_driver`
--

LOCK TABLES `staff_driver` WRITE;
/*!40000 ALTER TABLE `staff_driver` DISABLE KEYS */;
INSERT INTO `staff_driver` VALUES (1,74,'3145905','C','2015-07-20',1),(2,67,'441347','C','2010-05-18',0),(3,597,'2966953','M','2014-06-15',1),(4,501,'5287536','A','2015-07-21',1),(5,786,'3786772','M','2012-06-04',0),(6,147,'3053500','C','2012-10-27',0),(7,55,'3579053','B','2012-11-15',0),(8,546,'3120970','C','2011-05-17',0),(9,575,'2868708','C','2012-04-24',0),(10,529,'5208826','B','2012-05-23',0),(12,49,'3594417','C','2014-07-13',1),(14,756,'959546','C','2016-05-05',1),(15,361,'6475148','B','2016-05-25',1),(16,795,'2790185','M','2010-10-15',0),(17,773,'850023','P','2011-11-16',0),(18,108,'2721751','C','2011-12-22',0),(19,61,'815480','C','2014-08-27',1),(20,761,'776793','C','2013-02-07',0),(21,797,'2880063','B','2015-04-14',1),(22,236,'3148700','B','2015-01-08',1),(23,136,'831743','P','2012-05-30',0),(24,538,'4471713','B','2012-07-02',0),(25,619,'3159621','M','2016-01-12',1),(26,778,'3762289','C','2016-06-10',1),(27,362,'3587838','B','2013-09-24',0),(28,767,'2873828','C','2014-05-14',1),(29,462,'3612081','A','2009-10-19',0),(30,699,'4469738','M','2012-06-27',0),(31,785,'779502','M','2014-05-20',1),(32,374,NULL,'',NULL,0),(33,285,'5319922','B','2015-09-23',1),(34,430,'3721467','C','2014-06-30',1),(35,189,'2208768','C','2014-05-19',1),(36,305,'4391773','B','2014-09-11',1),(37,296,'4078586','A','2011-04-09',0),(38,536,'3624165','C','2014-09-17',1),(39,537,'4304544','B','2016-01-07',1),(40,113,'2866700','C','2014-07-14',1),(41,491,'3249028','C','2015-02-02',1),(42,22,'3132455','C','2012-11-06',0),(43,302,'5231393','A','2012-10-09',0),(44,792,'3730872','C','2012-04-27',0),(45,781,'3138164','C','2011-11-28',0),(46,787,'3801357','C','2016-08-12',1),(47,660,'2880599','M','2014-12-02',1),(48,710,'3775094','C','2014-07-13',1),(49,90,'998060','M','2012-03-16',0),(50,300,'7978001','C','2010-10-14',0),(51,179,'3155494','C','2013-01-11',0),(52,279,'3780830','A','2011-12-17',0),(53,348,'3322466','B','2012-03-06',0),(54,549,'3025994','C','2012-10-27',0),(55,674,'3007069','M','2012-09-05',0),(56,317,'3140213','C','2012-06-25',0),(57,196,'9462710','C','2012-10-27',0),(58,280,'4525869','B','2014-03-23',1),(59,359,'4407188','C','2016-05-25',1),(61,181,'673626','C','2012-10-27',0),(62,715,'2888337','P','2013-04-14',0),(63,377,'4508494','C','2013-04-02',0),(64,299,'4416634','A','2012-08-15',0),(65,182,'984205','C','2012-10-27',0),(66,651,'3361944','C','2013-06-20',0),(67,161,'1371203','C','2014-03-23',1),(68,763,'2882475','C','2013-01-09',0),(69,118,'993141','C','2016-10-25',1),(70,175,'3571944','B','2011-09-21',0),(71,162,'3124588','C','2014-01-19',1),(72,150,'3734173','C','2016-06-13',1),(73,170,'828899','C','2012-09-25',0),(74,154,'440810','C','2012-10-12',0),(75,148,'3723420','B','2015-06-18',1),(76,169,'767643','C','2012-10-27',0),(77,714,'7294503','B','2012-05-02',0),(78,140,'3003872','C','2014-07-16',1),(79,737,'3104579','C','2013-06-09',0),(80,736,'2786531','C','2011-09-02',0),(81,477,'3742922','M','2017-05-04',1),(82,297,'5158201','B','2016-05-12',1),(83,65,'9874593','C','2013-12-24',0),(84,534,'5152439','B','2012-04-30',0),(85,695,'4440995','B','2011-09-02',0),(86,433,'3012489','B','2012-05-31',0),(87,193,'3162543','C','2012-10-05',0),(88,746,'3586483','C','2015-04-27',1),(89,788,'3013641','C','2012-10-27',0),(90,738,'2894382','C','2011-09-02',0),(91,349,'5151235','A','2011-08-18',0),(92,194,'2726197','C','2012-10-27',0),(94,89,'968132','C','2011-09-06',0),(95,502,'4469534','A','2015-11-15',1),(96,157,'2885179','C','2016-05-25',1),(97,143,'3604271','C','2013-04-02',0),(98,167,'2884462','C','2012-09-27',0),(100,142,'3589092','C','2011-03-06',0),(101,153,'3153213','B','2012-09-28',0),(102,97,'961854','C','2011-03-17',0),(103,339,'4449914','B','2016-07-14',1),(104,72,'6602051','C','2011-12-29',0),(105,155,'2872646','C','2012-05-17',0),(106,146,'2739735','C','2014-03-31',1),(107,103,'3124566','C','2012-05-25',0),(108,40,'335559','C','2014-06-08',1),(109,542,'1914041','B','2016-10-04',1),(110,340,'6421788','B','2015-03-24',1),(111,531,'5153892','B','2012-05-21',0),(112,183,'3002481','C','2012-09-17',0),(114,800,'3783445','B','2011-09-06',0),(115,700,'4507815','C','2013-04-21',0),(116,809,'3575082','C','2015-09-02',1),(119,229,'3137790','M','2011-06-01',0),(120,168,'777433','C','2016-10-05',1),(121,158,'995138','C','2014-09-29',1),(122,159,'990821','C','2011-09-29',0),(123,151,'3084687','C','2011-09-16',0),(124,600,'3591919','P','2012-03-16',0),(125,701,'814290','B','2012-06-05',0),(126,498,'3807386','C','2012-10-27',0),(127,526,'3033088','B','2014-03-10',1),(128,370,'4468395','B','2015-11-21',1),(129,527,'4430128','P','2016-11-24',1),(130,368,'3027981','C','2013-12-12',0),(131,702,'3551573','B','2012-10-27',0),(132,432,'4532824','P','2016-11-28',1),(133,813,'1056821','B','2013-12-11',0),(134,544,'3800939','C','2015-01-06',1),(135,129,'2695103','C','2012-05-17',0),(136,428,'3120097','B','2016-04-14',1),(138,455,'4000067','B','2011-11-27',0),(139,160,'992957','C','2012-02-12',0),(140,694,'4500221','C','2016-12-05',1),(141,689,'4428166','B','2012-04-30',0),(142,360,'6540165','A','2015-06-14',1),(143,697,'3567128','C','2012-04-24',0),(144,165,'1393505','C','2012-09-18',0),(145,316,'7892842','B','2016-04-14',1),(146,543,'3732237','C','2013-07-03',0),(147,688,'3618579','C','2016-09-08',1),(148,353,NULL,'',NULL,0),(149,341,NULL,'',NULL,0),(150,94,NULL,'',NULL,0),(151,248,NULL,'',NULL,0),(152,704,NULL,'',NULL,0),(153,578,NULL,'',NULL,0),(154,234,NULL,'',NULL,0),(155,366,NULL,'',NULL,0),(156,180,NULL,'',NULL,0),(157,740,NULL,'',NULL,0),(158,577,NULL,'',NULL,0),(159,87,NULL,'',NULL,0),(160,385,NULL,'',NULL,0),(161,286,NULL,'',NULL,0),(162,156,NULL,'',NULL,0),(163,178,NULL,'',NULL,0),(164,284,NULL,'',NULL,0),(166,548,NULL,'',NULL,0),(167,547,NULL,'',NULL,0),(168,807,NULL,'',NULL,0);
/*!40000 ALTER TABLE `staff_driver` ENABLE KEYS */;
UNLOCK TABLES;

--
-- Table structure for table `staff_employee`
--

DROP TABLE IF EXISTS `staff_employee`;
/*!40101 SET @saved_cs_client     = @@character_set_client */;
/*!40101 SET character_set_client = utf8 */;
CREATE TABLE `staff_employee` (
  `id` int(11) NOT NULL AUTO_INCREMENT,
  `staff_id` int(11) NOT NULL,
  `item` varchar(15) NOT NULL,
  PRIMARY KEY (`id`),
  UNIQUE KEY `staff_id` (`staff_id`),
  UNIQUE KEY `item` (`item`),
  CONSTRAINT `staff_id_refs_id_20cebc33` FOREIGN KEY (`staff_id`) REFERENCES `staff_staff` (`id`)
) ENGINE=InnoDB AUTO_INCREMENT=932 DEFAULT CHARSET=latin1;
/*!40101 SET character_set_client = @saved_cs_client */;

--
-- Dumping data for table `staff_employee`
--

LOCK TABLES `staff_employee` WRITE;
/*!40000 ALTER TABLE `staff_employee` DISABLE KEYS */;
INSERT INTO `staff_employee` VALUES (1,1,'887'),(2,2,'886'),(3,3,'885'),(4,4,'871'),(5,5,'870'),(6,6,'869'),(7,7,'863'),(8,8,'861'),(9,9,'855'),(10,10,'854'),(11,11,'853'),(12,12,'851'),(13,13,'848'),(14,14,'846'),(15,15,'844'),(16,16,'834'),(17,17,'833'),(18,18,'830'),(19,19,'828'),(20,20,'827'),(21,21,'824'),(22,22,'823'),(23,23,'822'),(24,24,'811'),(25,25,'810'),(26,26,'809'),(27,27,'807'),(28,28,'802'),(29,29,'801'),(30,30,'800'),(31,31,'712'),(32,32,'711'),(33,33,'710'),(34,34,'707'),(35,35,'706'),(36,36,'704'),(37,37,'702'),(38,38,'700'),(39,39,'699'),(40,40,'698'),(41,41,'695'),(42,42,'693'),(43,43,'692'),(44,44,'691'),(45,45,'683'),(46,46,'677'),(47,47,'676'),(48,48,'675'),(49,49,'663'),(50,50,'656'),(51,51,'654'),(52,52,'652'),(53,53,'651'),(54,54,'649'),(55,55,'648'),(56,56,'631'),(57,57,'630'),(58,58,'627'),(59,59,'618'),(60,60,'614'),(61,61,'613'),(62,62,'607'),(63,63,'605'),(64,64,'604'),(65,65,'603'),(66,66,'602'),(67,67,'597'),(68,68,'596'),(69,69,'595'),(70,70,'592'),(71,71,'591'),(72,72,'580'),(73,73,'578'),(74,74,'577'),(75,75,'576'),(76,76,'574'),(77,77,'572'),(78,78,'570'),(79,79,'569'),(80,80,'568'),(81,81,'567'),(82,82,'565'),(83,83,'563'),(84,84,'562'),(85,85,'561'),(86,86,'550'),(87,87,'546'),(88,88,'541'),(89,89,'527'),(90,90,'520'),(91,91,'510'),(92,92,'509'),(93,93,'506'),(94,94,'505'),(95,95,'502'),(96,96,'501'),(97,97,'500'),(98,98,'499'),(99,99,'496'),(100,100,'494'),(101,101,'492'),(102,102,'490'),(103,103,'488'),(104,104,'487'),(105,105,'486'),(106,106,'485'),(107,107,'484'),(108,108,'482'),(109,109,'481'),(110,110,'480'),(111,111,'478'),(112,112,'477'),(113,113,'476'),(114,114,'475'),(115,115,'474'),(116,116,'473'),(117,117,'472'),(118,118,'471'),(119,119,'470'),(120,120,'469'),(121,121,'466'),(122,122,'465'),(123,123,'462'),(124,124,'460'),(125,125,'444'),(126,126,'442'),(127,127,'441'),(128,128,'439'),(129,129,'438'),(130,130,'436'),(131,131,'433'),(132,132,'429'),(133,133,'428'),(134,134,'427'),(135,135,'426'),(136,136,'425'),(137,137,'423'),(138,138,'422'),(139,139,'421'),(140,140,'420'),(141,141,'418'),(142,142,'417'),(143,143,'416'),(144,144,'415'),(145,145,'414'),(146,146,'413'),(147,147,'412'),(148,148,'411'),(149,149,'410'),(150,150,'409'),(151,151,'407'),(152,152,'406'),(153,153,'404'),(154,154,'402'),(155,155,'401'),(156,156,'400'),(157,157,'399'),(158,158,'398'),(159,159,'397'),(160,160,'395'),(161,161,'394'),(162,162,'392'),(163,163,'391'),(164,164,'390'),(165,165,'389'),(166,166,'388'),(167,167,'387'),(168,168,'386'),(169,169,'385'),(170,170,'384'),(171,171,'381'),(172,172,'373'),(173,173,'372'),(174,174,'371'),(175,175,'370'),(176,176,'369'),(177,177,'366'),(178,178,'364'),(179,179,'361'),(180,180,'359'),(181,181,'356'),(182,182,'355'),(183,183,'351'),(184,184,'350'),(185,185,'349'),(186,186,'329'),(187,187,'327'),(188,188,'326'),(189,189,'324'),(190,190,'323'),(191,191,'322'),(192,192,'321'),(193,193,'319'),(194,194,'318'),(195,195,'317'),(196,196,'315'),(197,197,'314'),(198,198,'308'),(199,199,'307'),(200,200,'306'),(201,201,'300'),(202,202,'265'),(203,203,'257'),(204,204,'256'),(205,205,'255'),(206,206,'254'),(207,207,'252'),(208,208,'243'),(209,209,'2423'),(210,210,'2422'),(211,211,'2417'),(212,212,'2416'),(213,213,'2415'),(214,214,'2414'),(215,215,'2412'),(216,216,'2411'),(217,217,'2410'),(218,218,'241'),(219,219,'2409'),(220,220,'2408'),(221,221,'2407'),(222,222,'2406'),(223,223,'2405'),(224,224,'2404'),(225,225,'2401'),(226,226,'2399'),(227,227,'2398'),(228,228,'2396'),(229,229,'2393'),(230,230,'2392'),(231,231,'2391'),(232,232,'238'),(233,233,'2370'),(234,234,'2369'),(235,235,'2368'),(236,236,'2367'),(237,237,'2366'),(238,238,'2365'),(239,239,'2364'),(240,240,'2363'),(241,241,'2362'),(242,242,'2361'),(243,243,'236'),(244,244,'2358'),(245,245,'2357'),(246,246,'2356'),(247,247,'2354'),(248,248,'2352'),(249,249,'2351'),(250,250,'2349'),(251,251,'2348'),(252,252,'2347'),(253,253,'2346'),(254,254,'2345'),(255,255,'2344'),(256,256,'2343'),(257,257,'2342'),(258,258,'2336'),(259,259,'2334'),(260,260,'2333'),(261,261,'2332'),(262,262,'2331'),(263,263,'2330'),(264,264,'233'),(265,265,'2329'),(266,266,'2328'),(267,267,'2327'),(268,268,'2326'),(269,269,'2325'),(270,270,'2324'),(271,271,'2322'),(272,272,'2321'),(273,273,'2316'),(274,274,'2315'),(275,275,'2310'),(276,276,'2309'),(277,277,'2308'),(278,278,'2307'),(279,279,'2306'),(280,280,'2305'),(281,281,'2304'),(282,282,'2303'),(283,283,'2301'),(284,284,'2300'),(285,285,'2299'),(286,286,'2298'),(287,287,'2293'),(288,288,'2291'),(289,289,'2290'),(290,290,'229'),(291,291,'2288'),(292,292,'2270'),(293,293,'227'),(294,294,'2269'),(295,295,'2267'),(296,296,'2266'),(297,297,'2265'),(298,298,'2264'),(299,299,'2263'),(300,300,'2262'),(301,301,'2261'),(302,302,'2260'),(303,303,'226'),(304,304,'2255'),(305,305,'2250'),(306,306,'225'),(307,307,'2249'),(308,308,'2248'),(309,309,'2247'),(310,310,'2246'),(311,311,'2245'),(312,312,'2242'),(313,313,'2241'),(314,314,'2240'),(315,315,'223'),(316,316,'2226'),(317,317,'2225'),(318,318,'2224'),(319,319,'2223'),(320,320,'2222'),(321,321,'2221'),(322,322,'2214'),(323,323,'2211'),(324,324,'2210'),(325,325,'2208'),(326,326,'2207'),(327,327,'2201'),(328,328,'2200'),(329,329,'2197'),(330,330,'2192'),(331,331,'2190'),(332,332,'2189'),(333,333,'2188'),(334,334,'2186'),(335,335,'2181'),(336,336,'2180'),(337,337,'2177'),(338,338,'2176'),(339,339,'2174'),(340,340,'2167'),(341,341,'2165'),(342,342,'2164'),(343,343,'2159'),(344,344,'2158'),(345,345,'2157'),(346,346,'2156'),(347,347,'2154'),(348,348,'2151'),(349,349,'2147'),(350,350,'2146'),(351,351,'2144'),(352,352,'2142'),(353,353,'214'),(354,354,'2139'),(355,355,'2137'),(356,356,'2136'),(357,357,'2134'),(358,358,'2133'),(359,359,'2132'),(360,360,'2129'),(361,361,'2127'),(362,362,'2125'),(363,363,'2121'),(364,364,'212'),(365,365,'2117'),(366,366,'2113'),(367,367,'2110'),(368,368,'211'),(369,369,'2109'),(370,370,'2106'),(371,371,'2105'),(372,372,'2104'),(373,373,'2103'),(374,374,'2101'),(375,375,'2092'),(376,376,'2091'),(377,377,'2089'),(378,378,'2088'),(379,379,'2085'),(380,380,'2083'),(381,381,'2082'),(382,382,'2081'),(383,383,'2078'),(384,384,'2077'),(385,385,'2076'),(386,386,'2073'),(387,387,'2071'),(388,388,'207'),(389,389,'2069'),(390,390,'2068'),(391,391,'2067'),(392,392,'2066'),(393,393,'2065'),(394,394,'2064'),(395,395,'2063'),(396,396,'2062'),(397,397,'2061'),(398,398,'2060'),(399,399,'206'),(400,400,'2058'),(401,401,'2057'),(402,402,'2056'),(403,403,'2055'),(404,404,'2051'),(405,405,'205'),(406,406,'2046'),(407,407,'2043'),(408,408,'2042'),(409,409,'2041'),(410,410,'2035'),(411,411,'2034'),(412,412,'2032'),(413,413,'2028'),(414,414,'2021'),(415,415,'202'),(416,416,'2019'),(417,417,'2018'),(418,418,'2017'),(419,419,'2013'),(420,420,'2011'),(421,421,'2010'),(422,422,'201'),(423,423,'2007'),(424,424,'2006'),(425,425,'2004'),(426,426,'2003'),(427,427,'2001'),(428,428,'1999'),(429,429,'1998'),(430,430,'1996'),(431,431,'1995'),(432,432,'1993'),(433,433,'1992'),(434,434,'1990'),(435,435,'1988'),(436,436,'1987'),(437,437,'1985'),(438,438,'1976'),(439,439,'1974'),(440,440,'1972'),(441,441,'1968'),(442,442,'1967'),(443,443,'1966'),(444,444,'1965'),(445,445,'1959'),(446,446,'1950'),(447,447,'1946'),(448,448,'1944'),(449,449,'1943'),(450,450,'1942'),(451,451,'1940'),(452,452,'1939'),(453,453,'1937'),(454,454,'1936'),(455,455,'1935'),(456,456,'1934'),(457,457,'1928'),(458,458,'1926'),(459,459,'1925'),(460,460,'1924'),(461,461,'1923'),(462,462,'1917'),(463,463,'1915'),(464,464,'1914'),(465,465,'1912'),(466,466,'1911'),(467,467,'1910'),(468,468,'1907'),(469,469,'1903'),(470,470,'1902'),(471,471,'1901'),(472,472,'1900'),(473,473,'1897'),(474,474,'1895'),(475,475,'1893'),(476,476,'1892'),(477,477,'1891'),(478,478,'1890'),(479,479,'1889'),(480,480,'1888'),(481,481,'1887'),(482,482,'1886'),(483,483,'1885'),(484,484,'1884'),(485,485,'1883'),(486,486,'1882'),(487,487,'1881'),(488,488,'1880'),(489,489,'1878'),(490,490,'1877'),(491,491,'1876'),(492,492,'1875'),(493,493,'1874'),(494,494,'1871'),(495,495,'1870'),(496,496,'1869'),(497,497,'1868'),(498,498,'1865'),(499,499,'1864'),(500,500,'1863'),(501,501,'1862'),(502,502,'1860'),(503,503,'1858'),(504,504,'1857'),(505,505,'1856'),(506,506,'1855'),(507,507,'1854'),(508,508,'1853'),(509,509,'1844'),(510,510,'1843'),(511,511,'1841'),(512,512,'1839'),(513,513,'1823'),(514,514,'1819'),(515,515,'1816'),(516,516,'1815'),(517,517,'1812'),(518,518,'1811'),(519,519,'1809'),(520,520,'1802'),(521,521,'1800'),(522,522,'1797'),(523,523,'1787'),(524,524,'1786'),(525,525,'1785'),(526,526,'1784'),(527,527,'1781'),(528,528,'1779'),(529,529,'1778'),(530,530,'1777'),(531,531,'1776'),(532,532,'1775'),(533,533,'1774'),(534,534,'1773'),(535,535,'1772'),(536,536,'1771'),(537,537,'1770'),(538,538,'1769'),(539,539,'1766'),(540,540,'1765'),(541,541,'1763'),(542,542,'1762'),(543,543,'1761'),(544,544,'1760'),(545,545,'1759'),(546,546,'1758'),(547,547,'1757'),(548,548,'1756'),(549,549,'1754'),(550,550,'1753'),(551,551,'1720'),(552,552,'1716'),(553,553,'1715'),(554,554,'1714'),(555,555,'1713'),(556,556,'1710'),(557,557,'1706'),(558,558,'1703'),(559,559,'1701'),(560,560,'1700'),(561,561,'1696'),(562,562,'1695'),(563,563,'1693'),(564,564,'1692'),(565,565,'1600'),(566,566,'1596'),(567,567,'1594'),(568,568,'1593'),(569,569,'1590'),(570,570,'1588'),(571,571,'1586'),(572,572,'1585'),(573,573,'1584'),(574,574,'1583'),(575,575,'1581'),(576,576,'1579'),(577,577,'1578'),(578,578,'1575'),(579,579,'1568'),(580,580,'1566'),(581,581,'1565'),(582,582,'1563'),(583,583,'1560'),(584,584,'1558'),(585,585,'1554'),(586,586,'1553'),(587,587,'1552'),(588,588,'1548'),(589,589,'1547'),(590,590,'1546'),(591,591,'1544'),(592,592,'1542'),(593,593,'1540'),(594,594,'1538'),(595,595,'1537'),(596,596,'1535'),(597,597,'1534'),(598,598,'1532'),(599,599,'1531'),(600,600,'1530'),(601,601,'1525'),(602,602,'1523'),(603,603,'1522'),(604,604,'1521'),(605,605,'1520'),(606,606,'1519'),(607,607,'1518'),(608,608,'1517'),(609,609,'1514'),(610,610,'1512'),(611,611,'1510'),(612,612,'1509'),(613,613,'1508'),(614,614,'1505'),(615,615,'1504'),(616,616,'1503'),(617,617,'1500'),(618,618,'1498'),(619,619,'1497'),(620,620,'1493'),(621,621,'1491'),(622,622,'1487'),(623,623,'1486'),(624,624,'1485'),(625,625,'1484'),(626,626,'1483'),(627,627,'1482'),(628,628,'1481'),(629,629,'1478'),(630,630,'1476'),(631,631,'1475'),(632,632,'1474'),(633,633,'1473'),(634,634,'1472'),(635,635,'1471'),(636,636,'1470'),(637,637,'1466'),(638,638,'1464'),(639,639,'1458'),(640,640,'1452'),(641,641,'1451'),(642,642,'1450'),(643,643,'1447'),(644,644,'1446'),(645,645,'1445'),(646,646,'1443'),(647,647,'1438'),(648,648,'1436'),(649,649,'1431'),(650,650,'1430'),(651,651,'1425'),(652,652,'1424'),(653,653,'1418'),(654,654,'1415'),(655,655,'1414'),(656,656,'1413'),(657,657,'1412'),(658,658,'1410'),(659,659,'1409'),(660,660,'1407'),(661,661,'1405'),(662,662,'1404'),(663,663,'1403'),(664,664,'1399'),(665,665,'1398'),(666,666,'1397'),(667,667,'1395'),(668,668,'1392'),(669,669,'1390'),(670,670,'1389'),(671,671,'1387'),(672,672,'1385'),(673,673,'1384'),(674,674,'1382'),(675,675,'1379'),(676,676,'1378'),(677,677,'1377'),(678,678,'1376'),(679,679,'1374'),(680,680,'1373'),(681,681,'1372'),(682,682,'1371'),(683,683,'1370'),(684,684,'1367'),(685,685,'1365'),(686,686,'1364'),(687,687,'1363'),(688,688,'1358'),(689,689,'1357'),(690,690,'1354'),(691,691,'1349'),(692,692,'1348'),(693,693,'1347'),(694,694,'1344'),(695,695,'1343'),(696,696,'1339'),(697,697,'1338'),(698,698,'1337'),(699,699,'1334'),(700,700,'1333'),(701,701,'1331'),(702,702,'1329'),(703,703,'1328'),(704,704,'1327'),(705,705,'1325'),(706,706,'1322'),(707,707,'1321'),(708,708,'1320'),(709,709,'1316'),(710,710,'1315'),(711,711,'1314'),(712,712,'1313'),(713,713,'1311'),(714,714,'1308'),(715,715,'1305'),(716,716,'1304'),(717,717,'1303'),(718,718,'1298'),(719,719,'1297'),(720,720,'1295'),(721,721,'1288'),(722,722,'1286'),(723,723,'1285'),(724,724,'1282'),(725,725,'1279'),(726,726,'1275'),(727,727,'1274'),(728,728,'1273'),(729,729,'1272'),(730,730,'1265'),(731,731,'1264'),(732,732,'1263'),(733,733,'1262'),(734,734,'1261'),(735,735,'1260'),(736,736,'1255'),(737,737,'1254'),(738,738,'1253'),(739,739,'1252'),(740,740,'1247'),(741,741,'1245'),(742,742,'1243'),(743,743,'1241'),(744,744,'1239'),(745,745,'1237'),(746,746,'1235'),(747,747,'1232'),(748,748,'1231'),(749,749,'1227'),(750,750,'1225'),(751,751,'1220'),(752,752,'1210'),(753,753,'1204'),(754,754,'1200'),(755,755,'1199'),(756,756,'1194'),(757,757,'1181'),(758,758,'1180'),(759,759,'1176'),(760,760,'1171'),(761,761,'1165'),(762,762,'1164'),(763,763,'1163'),(764,764,'1152'),(765,765,'115'),(766,766,'1148'),(767,767,'1143'),(768,768,'114'),(769,769,'1138'),(770,770,'1137'),(771,771,'1136'),(772,772,'1135'),(773,773,'1130'),(774,774,'1129'),(775,775,'1128'),(776,776,'1127'),(777,777,'1126'),(778,778,'1119'),(779,779,'1115'),(780,780,'1113'),(781,781,'1112'),(782,782,'1108'),(783,783,'1103'),(784,784,'1101'),(785,785,'1097'),(786,786,'1094'),(787,787,'1092'),(788,788,'1091'),(789,789,'1087'),(790,790,'1085'),(791,791,'1084'),(792,792,'1076'),(793,793,'1074'),(794,794,'1070'),(795,795,'1066'),(796,796,'1061'),(797,797,'1059'),(798,798,'1058'),(799,799,'1057'),(800,800,'1056'),(801,801,'1055'),(802,802,'1054'),(803,803,'1052'),(804,804,'1050'),(805,805,'1049'),(806,806,'1046'),(807,807,'1043'),(808,808,'1041'),(809,809,'1038'),(810,810,'1036'),(811,811,'1034'),(812,812,'1032'),(813,813,'1028'),(814,814,'1027'),(815,815,'1026'),(816,816,'1024'),(817,817,'1022'),(818,818,'1019'),(819,819,'1018'),(820,820,'1006'),(821,821,'1004'),(822,822,'1003'),(823,823,'1001'),(824,824,'2441'),(825,825,'2439'),(826,826,'2438'),(827,827,'2434'),(828,828,'2421'),(829,829,'2420'),(830,830,'2419'),(831,831,'2418'),(832,832,'4'),(833,833,'2212'),(834,834,'1528'),(835,835,'1501'),(836,836,'1177'),(837,837,'75'),(838,838,'63'),(839,839,'59'),(840,840,'57'),(841,841,'51'),(842,842,'44'),(843,843,'40'),(844,844,'29'),(845,845,'26'),(846,846,'2437'),(847,847,'2436'),(848,848,'2389'),(849,849,'2385'),(850,850,'2318'),(851,851,'23'),(852,852,'22'),(853,853,'2059'),(854,854,'1459'),(855,855,'705'),(856,856,'260'),(857,857,'245'),(858,858,'2440'),(859,859,'2433'),(860,860,'2432'),(861,861,'2431'),(862,862,'2430'),(863,863,'2429'),(864,864,'2428'),(865,865,'2427'),(866,866,'2426'),(867,867,'2425'),(868,868,'2394'),(869,869,'2372'),(870,870,'2360'),(871,871,'2353'),(872,872,'2340'),(873,873,'2338'),(874,874,'2314'),(875,875,'2312'),(876,876,'2297'),(877,877,'2283'),(878,878,'2282'),(879,879,'2272'),(880,880,'2268'),(881,881,'2259'),(882,882,'2258'),(883,883,'2253'),(884,884,'2252'),(885,885,'2251'),(886,886,'2239'),(887,887,'2216'),(888,888,'2213'),(889,889,'2162'),(890,890,'2119'),(891,891,'2107'),(892,892,'2050'),(893,893,'2048'),(894,894,'2047'),(895,895,'2026'),(896,896,'2008'),(897,897,'2005'),(898,898,'1958'),(899,899,'1951'),(900,900,'1947'),(901,901,'1945'),(902,902,'1941'),(903,903,'1908'),(904,904,'1741'),(905,905,'1738'),(906,906,'1737'),(907,907,'1653'),(908,908,'1652'),(909,909,'1651'),(910,910,'1650'),(911,911,'1649'),(912,912,'1647'),(913,913,'1644'),(914,914,'1636'),(915,915,'1627'),(916,916,'1622'),(917,917,'1612'),(918,918,'1611'),(919,919,'1610'),(920,920,'1608'),(921,921,'1607'),(922,922,'1606'),(923,923,'1604'),(924,924,'1603'),(925,925,'1601'),(926,926,'1598'),(927,927,'1238'),(928,928,'1206'),(929,929,'1154'),(930,930,'2435'),(931,931,'2395');
/*!40000 ALTER TABLE `staff_employee` ENABLE KEYS */;
UNLOCK TABLES;

--
-- Table structure for table `staff_guard`
--

DROP TABLE IF EXISTS `staff_guard`;
/*!40101 SET @saved_cs_client     = @@character_set_client */;
/*!40101 SET character_set_client = utf8 */;
CREATE TABLE `staff_guard` (
  `id` int(11) NOT NULL AUTO_INCREMENT,
  `staff_id` int(11) NOT NULL,
  `days` varchar(50) DEFAULT NULL,
  `time_in` time NOT NULL,
  `time_out` time NOT NULL,
  PRIMARY KEY (`id`),
  UNIQUE KEY `staff_id` (`staff_id`),
  CONSTRAINT `staff_id_refs_id_d79e8ae5` FOREIGN KEY (`staff_id`) REFERENCES `staff_staff` (`id`)
) ENGINE=InnoDB DEFAULT CHARSET=latin1;
/*!40101 SET character_set_client = @saved_cs_client */;

--
-- Dumping data for table `staff_guard`
--

LOCK TABLES `staff_guard` WRITE;
/*!40000 ALTER TABLE `staff_guard` DISABLE KEYS */;
/*!40000 ALTER TABLE `staff_guard` ENABLE KEYS */;
UNLOCK TABLES;

--
-- Table structure for table `staff_staff`
--

DROP TABLE IF EXISTS `staff_staff`;
/*!40101 SET @saved_cs_client     = @@character_set_client */;
/*!40101 SET character_set_client = utf8 */;
CREATE TABLE `staff_staff` (
  `id` int(11) NOT NULL AUTO_INCREMENT,
  `first_name` varchar(45) NOT NULL,
  `last_name` varchar(45) NOT NULL,
  `type_document_id` int(11) NOT NULL,
  `val_document` varchar(30) NOT NULL,
  `locale_issue` varchar(3) DEFAULT NULL,
  `locale_issue_other` varchar(45) DEFAULT NULL,
  `birth_date` date DEFAULT NULL,
  `is_active` tinyint(1) NOT NULL,
  `date_joined` date NOT NULL,
  `date_end` date DEFAULT NULL,
  `gender` varchar(1) DEFAULT NULL,
  `photo` varchar(100) DEFAULT NULL,
  `about` varchar(350) DEFAULT NULL,
  PRIMARY KEY (`id`),
  KEY `staff_staff_bb5c4113` (`type_document_id`),
  CONSTRAINT `type_document_id_refs_id_89f3b910` FOREIGN KEY (`type_document_id`) REFERENCES `utils_typedocument` (`id`)
) ENGINE=InnoDB AUTO_INCREMENT=932 DEFAULT CHARSET=latin1;
/*!40101 SET character_set_client = @saved_cs_client */;

--
-- Dumping data for table `staff_staff`
--

LOCK TABLES `staff_staff` WRITE;
/*!40000 ALTER TABLE `staff_staff` DISABLE KEYS */;
INSERT INTO `staff_staff` VALUES (1,'Sonia del','Alba Pericon',1,'3039862','cba',NULL,'1966-10-12',1,'2014-01-06',NULL,NULL,'staff/avatar/887.jpg',NULL),(2,'Maria del','Zapata Ustariz',1,'991566','cba',NULL,'1961-12-20',1,'2014-01-06',NULL,NULL,'staff/avatar/886.jpg',NULL),(3,'Gladys Teresa','Barrenechea Arnez',1,'964515','cba',NULL,'1970-06-20',1,'2014-01-06',NULL,NULL,'staff/avatar/885.jpg',NULL),(4,'Beatriz Modesta','Vargas Araya',1,'3045768','oru',NULL,'1955-12-14',1,'2014-01-06',NULL,NULL,'staff/avatar/871.jpg',NULL),(5,'Carmen Roxana','Azero Rojas',1,'3581958','cba',NULL,'1964-09-10',1,'2014-01-06',NULL,NULL,'staff/avatar/870.jpg',NULL),(6,'Orlando','Via Soria',1,'3611036','cba',NULL,'1965-09-20',1,'2014-01-06',NULL,NULL,'staff/avatar/869.jpg',NULL),(7,'Maria Elsa','Zenteno Morales',1,'854510','cba',NULL,'1951-12-01',1,'2014-01-06',NULL,NULL,'staff/avatar/863.jpg',NULL),(8,'Fanny','Barrientos Guevara',1,'837894','cba',NULL,'1952-11-24',1,'2014-01-06',NULL,NULL,'staff/avatar/861.jpg',NULL),(9,'Ciro Renan','Orellana Cordova',1,'2893838','cba',NULL,'1961-11-07',1,'2014-01-06',NULL,NULL,'staff/avatar/855.jpg',NULL),(10,'Guery Hernando','Ortuño Quinteros',1,'2874625','cba',NULL,'1963-05-27',1,'2014-01-06',NULL,NULL,'staff/avatar/854.jpg',NULL),(11,'Juvenal','Perez Zenteno',1,'3021664','cba',NULL,'1963-09-16',1,'2014-01-06',NULL,NULL,'staff/avatar/853.jpg',NULL),(12,'Angel','Gomez Mollo',1,'2773340','oru',NULL,'1959-05-31',1,'2014-01-06',NULL,NULL,'staff/avatar/851.jpg',NULL),(13,'Maria','Saavedra Giron',1,'976428','cba',NULL,'1958-05-19',1,'2014-01-06',NULL,NULL,'staff/avatar/848.jpg',NULL),(14,'Oscar','Lopez Bustamante',1,'830430','cba',NULL,'1960-07-20',1,'2014-01-06',NULL,NULL,'staff/avatar/846.jpg',NULL),(15,'Virginia','Vasquez Ureña',1,'833200','cba',NULL,'1953-08-22',1,'2014-01-06',NULL,NULL,'staff/avatar/844.jpg',NULL),(16,'Marco Enrique','Araoz Melean',1,'3604524','cba',NULL,'1968-04-14',1,'2014-01-06',NULL,NULL,'staff/avatar/834.jpg',NULL),(17,'Silvia Ines','Amestegui Guzman',1,'959684','cba',NULL,'1965-04-25',1,'2014-01-06',NULL,NULL,'staff/avatar/833.jpg',NULL),(18,'Jenny Isabel','Rivera Echeverria',1,'822788','cba',NULL,'1952-07-12',1,'2014-01-06',NULL,NULL,'staff/avatar/830.jpg',NULL),(19,'Carmen Beatriz','Gallinate Rodriguez',1,'2866948','cba',NULL,'1961-07-07',1,'2014-01-06',NULL,NULL,'staff/avatar/828.jpg',NULL),(20,'Sandra Jimena','Espinoza Berbety',1,'855831','cba',NULL,'1969-04-01',1,'2014-01-06',NULL,NULL,'staff/avatar/827.jpg',NULL),(21,'Margarita','Vargas Maria',1,'975093','cba',NULL,'1958-06-10',1,'2014-01-06',NULL,NULL,'staff/avatar/824.jpg',NULL),(22,'Pedro Rolando','Gamboa Mercado',1,'3132455','cba',NULL,'1959-07-23',1,'2014-01-06',NULL,NULL,'staff/avatar/823.jpg',NULL),(23,'Martha Patricia','Borda Montaño',1,'3131056','cba',NULL,'1966-11-28',1,'2014-01-06',NULL,NULL,'staff/avatar/822.jpg',NULL),(24,'Juan Carlos','Mendizabal Fierro',1,'822221','cba',NULL,'1955-05-01',1,'2014-01-06',NULL,NULL,'staff/avatar/811.jpg',NULL),(25,'Elmer Saul','Navia Lara',1,'2862552','cba',NULL,'1964-04-25',1,'2014-01-06',NULL,NULL,'staff/avatar/810.jpg',NULL),(26,'Very Magaly','Rojas Chirveches',1,'820117','cba',NULL,'1955-04-20',1,'2014-01-06',NULL,NULL,'staff/avatar/809.jpg',NULL),(27,'Victor German','Cornejo Mejia',1,'3586564','cba',NULL,'1966-03-13',1,'2014-01-06',NULL,NULL,'staff/avatar/807.jpg',NULL),(28,'Maximiliano','Dorado Pardo',1,'828900','cba',NULL,'1955-07-26',1,'2014-01-06',NULL,NULL,'staff/avatar/802.jpg',NULL),(29,'Maria Teresa','Giacoman Vallejos',1,'925892','cba',NULL,'1959-06-17',1,'2014-01-06',NULL,NULL,'staff/avatar/801.jpg',NULL),(30,'Consuelo del','Barbery Jalil',1,'1704791','ben',NULL,'1958-09-09',1,'2014-01-06',NULL,NULL,'staff/avatar/800.jpg',NULL),(31,'Roxana Lastenia','Gutierrez Flores',1,'929641','cba',NULL,'1956-10-19',1,'2014-01-06',NULL,NULL,'staff/avatar/712.jpg',NULL),(32,'Carlos Victor','Salas Pinto',1,'834934','cba',NULL,'1956-11-01',1,'2014-01-06',NULL,NULL,'staff/avatar/711.jpg',NULL),(33,'Jaime Salvador','Valenzuela Mercado',1,'833677','cba',NULL,'1956-06-19',1,'2014-01-06',NULL,NULL,'images/default_avatar.png',NULL),(34,'Silverio','Zarate Choque',1,'3761612','cba',NULL,'1970-12-31',1,'2014-01-06',NULL,NULL,'staff/avatar/707.jpg',NULL),(35,'Juan Jhonny','Fernandez Arandia',1,'2868234','cba',NULL,'1959-07-22',1,'2014-01-06',NULL,NULL,'staff/avatar/706.jpg',NULL),(36,'Oscar Francisco','Garcia Fuentes',1,'3132893','cba',NULL,'1965-10-05',1,'2014-01-06',NULL,NULL,'staff/avatar/704.jpg',NULL),(37,'Victor Hugo','Espinoza Lozada',1,'3036152','cba',NULL,'1963-06-30',1,'2014-01-06',NULL,NULL,'staff/avatar/702.jpg',NULL),(38,'Rufino','Figueroa Saravia',1,'3163427','cba',NULL,'1957-11-16',1,'2014-01-06',NULL,NULL,'staff/avatar/700.jpg',NULL),(39,'Luis Fernando','Tapia Lopez',1,'831403','cba',NULL,'1954-08-25',1,'2014-01-06',NULL,NULL,'staff/avatar/699.jpg',NULL),(40,'Aurelio','Fuertes Cirilo',1,'1335559','pts',NULL,'1960-06-16',1,'2014-01-06',NULL,NULL,'staff/avatar/698.jpg',NULL),(41,'Carlos','Vidal Juan',1,'2878674','cba',NULL,'1959-11-23',1,'2014-01-06',NULL,NULL,'staff/avatar/695.jpg',NULL),(42,'Francisco Enrique','Lara Torrico',1,'789079','cba',NULL,'1950-07-15',1,'2014-01-06',NULL,NULL,'staff/avatar/693.jpg',NULL),(43,'Abraham','Sejas Zapata',1,'817422','cba',NULL,'1952-10-09',1,'2014-01-06',NULL,NULL,'staff/avatar/692.jpg',NULL),(44,'Elizabeth Lidia','Zurita Perez',1,'938935','cba',NULL,'1956-10-27',1,'2014-01-06',NULL,NULL,'staff/avatar/691.jpg',NULL),(45,'Rosse Mary','Tejada Medina',1,'949718','cba',NULL,'1960-08-30',1,'2014-01-06',NULL,NULL,'staff/avatar/683.jpg',NULL),(46,'Reinaldo','Ferrufino Borda',1,'990741','cba',NULL,'1959-04-09',1,'2014-01-06',NULL,NULL,'staff/avatar/677.jpg',NULL),(47,'Felix','Torrico Vidal',1,'2869357','cba',NULL,'1959-12-04',1,'2014-01-06',NULL,NULL,'staff/avatar/676.jpg',NULL),(48,'Jose Angel','Villazon Perez',1,'937931','cba',NULL,'1956-09-28',1,'2014-01-06',NULL,NULL,'staff/avatar/675.jpg',NULL),(49,'Alexander','Rivera Jose',1,'3594417','cba',NULL,'1968-01-03',1,'2014-01-06',NULL,NULL,'staff/avatar/663.jpg',NULL),(50,'Gladys Lucy','Ayaviri Escobar',1,'220464','pts',NULL,'1964-04-22',1,'2014-01-06',NULL,NULL,'staff/avatar/656.jpg',NULL),(51,'Rosmery','Sanabria Ricaldi',1,'3142693','cba',NULL,'1964-07-30',1,'2014-01-06',NULL,NULL,'staff/avatar/654.jpg',NULL),(52,'Erick Tomas','Gonzales Marcos',1,'3589877','cba',NULL,'1965-12-21',1,'2014-01-06',NULL,NULL,'images/default_avatar.png',NULL),(53,'Zacarias','Guzman Aguilar',1,'857156','cba',NULL,'1951-11-05',1,'2014-01-06',NULL,NULL,'staff/avatar/651.jpg',NULL),(54,'Maria Felicidad','Siles Unzueta',1,'989578','cba',NULL,'1959-11-20',1,'2014-01-06',NULL,NULL,'staff/avatar/649.jpg',NULL),(55,'Hugo','Vargas Cabezas',1,'3579053','cba',NULL,'1966-01-16',1,'2014-01-06',NULL,NULL,'staff/avatar/648.jpg',NULL),(56,'Lizandro','Villazon Arandia',1,'976210','cba',NULL,'1956-10-13',1,'2014-01-06',NULL,NULL,'staff/avatar/631.jpg',NULL),(57,'Luis Fernando','Murguia Rowe',1,'973365','cba',NULL,'1958-02-10',1,'2014-01-06',NULL,NULL,'staff/avatar/630.jpg',NULL),(58,'Veronica Cecilia','Ayala Rodriguez',1,'3139956','cba',NULL,'1965-07-15',1,'2014-01-06',NULL,NULL,'staff/avatar/627.jpg',NULL),(59,'Eliana Ligia','Inturias Sandoval',1,'3003068','cba',NULL,'1962-09-09',1,'2014-01-06',NULL,NULL,'staff/avatar/618.jpg',NULL),(60,'Fernando','Torrico Aranibar',1,'897263','cba',NULL,'1959-03-31',1,'2014-01-06',NULL,NULL,'staff/avatar/614.jpg',NULL),(61,'Roman Oscar','Uriona Quiroga',1,'815480','cba',NULL,'1958-11-18',1,'2014-01-06',NULL,NULL,'images/default_avatar.png',NULL),(62,'Humberto','Benavides Justiniano',1,'1689560','ben',NULL,'1970-05-04',1,'2014-01-06',NULL,NULL,'staff/avatar/607.jpg',NULL),(63,'Niger Abraham','Saavedra Flores',1,'981949','cba',NULL,'1959-08-29',1,'2014-01-06',NULL,NULL,'staff/avatar/605.jpg',NULL),(64,'Victor Hugo','Contreras Bellido',1,'3575586','cba',NULL,'1967-03-24',1,'2014-01-06',NULL,NULL,'staff/avatar/604.jpg',NULL),(65,'Carlos','Quiroga Zapata',1,'984593','cba',NULL,'1956-02-03',1,'2014-01-06',NULL,NULL,'staff/avatar/603.jpg',NULL),(66,'Nilsa Ximena','Ramirez Uriona',1,'3621373','cba',NULL,'1970-08-22',1,'2014-01-06',NULL,NULL,'staff/avatar/602.jpg',NULL),(67,'Angel Reynaldo','Zambrana Palza',1,'441347','lpz',NULL,'1958-07-20',1,'2014-01-06',NULL,NULL,'staff/avatar/597.jpg',NULL),(68,'German','Uriona Orellana',1,'3013032','cba',NULL,'1961-01-19',1,'2014-01-06',NULL,NULL,'staff/avatar/596.jpg',NULL),(69,'Humberto Elias','Blacutt Salomon',1,'1306324','pts',NULL,'1955-06-20',1,'2014-01-06',NULL,NULL,'staff/avatar/595.jpg',NULL),(70,'Oscar','Carrillo Olmos',1,'3034194','cba',NULL,'1966-01-08',1,'2014-01-06',NULL,NULL,'staff/avatar/592.jpg',NULL),(71,'Jose','Ramirez Escobar',1,'2903646','cba',NULL,'1958-03-05',1,'2014-01-06',NULL,NULL,'staff/avatar/591.jpg',NULL),(72,'Marco Antonio','Bustamante Zola',1,'6602051','pts',NULL,'1963-07-29',1,'2014-01-06',NULL,NULL,'staff/avatar/580.jpg',NULL),(73,'Hugo Felix','Lizarraga Morato',1,'818455','cba',NULL,'1954-07-10',1,'2014-01-06',NULL,NULL,'staff/avatar/578.jpg',NULL),(74,'Vladimir Angel','Muñoz Terrazas',1,'3145905','cba',NULL,'1963-07-23',1,'2014-01-06',NULL,NULL,'staff/avatar/577.jpg',NULL),(75,'Jorge Rodolfo','Viscarra Santillan',1,'997110','cba',NULL,'1958-07-04',1,'2014-01-06',NULL,NULL,'staff/avatar/576.jpg',NULL),(76,'Rene','Vasquez Garcia',1,'988776','cba',NULL,'1957-09-25',1,'2014-01-06',NULL,NULL,'staff/avatar/574.jpg',NULL),(77,'Wilfredo','Ontiveros Torrico',1,'3131544','cba',NULL,'1963-04-25',1,'2014-01-06',NULL,NULL,'staff/avatar/572.jpg',NULL),(78,'Carlos','Guzman Camacho',1,'785546','cba',NULL,'1949-11-04',1,'2014-01-06',NULL,NULL,'staff/avatar/570.jpg',NULL),(79,'Roberto Adalid','Camacho Pierola',1,'3022711','cba',NULL,'1965-02-28',1,'2014-01-06',NULL,NULL,'staff/avatar/569.jpg',NULL),(80,'Javier','Corrales Garcia',1,'851345','cba',NULL,'1959-12-07',1,'2014-01-06',NULL,NULL,'staff/avatar/568.jpg',NULL),(81,'Luis Alfredo','Ascarrunz Navarro',1,'3020952','lpz',NULL,'1964-04-27',1,'2014-01-06',NULL,NULL,'staff/avatar/567.jpg',NULL),(82,'Vicente Victor','Herbas Angulo',1,'2880085','cba',NULL,'1964-07-19',1,'2014-01-06',NULL,NULL,'staff/avatar/565.jpg',NULL),(83,'Ernesto','Abasto Valenzuela',1,'948892','cba',NULL,'1956-01-10',1,'2014-01-06',NULL,NULL,'staff/avatar/563.jpg',NULL),(84,'Jose Gonzalo','Davila Claros',1,'2885159','cba',NULL,'1962-09-18',1,'2014-01-06',NULL,NULL,'staff/avatar/562.jpg',NULL),(85,'Dennys Armando','Peredo Escobar',1,'3007845','cba',NULL,'1962-06-21',1,'2014-01-06',NULL,NULL,'staff/avatar/561.jpg',NULL),(86,'Juan Carlos','Lazarte Escobar',1,'2757179','oru',NULL,'1963-11-23',1,'2014-01-06',NULL,NULL,'staff/avatar/550.jpg',NULL),(87,'Jose Luis','Lafuente Aranibar',1,'3578403','cba',NULL,'1963-12-13',1,'2014-01-06',NULL,NULL,'staff/avatar/546.jpg',NULL),(88,'Juan Carlos','Cabrera Garcia',1,'617105','oru',NULL,'1953-03-26',1,'2014-01-06',NULL,NULL,'staff/avatar/541.jpg',NULL),(89,'Raul','Ledezma',1,'968132','cba',NULL,'1955-02-14',1,'2014-01-06',NULL,NULL,'staff/avatar/527.jpg',NULL),(90,'Julio Alfredo','Rodriguez Vera',1,'998060','cba',NULL,'1960-09-17',1,'2014-01-06',NULL,NULL,'staff/avatar/520.jpg',NULL),(91,'Marcela Virginia','Peñaloza Caero',1,'3150605','cba',NULL,'1969-06-19',1,'2014-01-06',NULL,NULL,'staff/avatar/510.jpg',NULL),(92,'Silvia Evangelina','Salazar Escobar',1,'2865655','cba',NULL,'1964-09-18',1,'2014-01-06',NULL,NULL,'staff/avatar/509.jpg',NULL),(93,'Gregorio','Condori Villanueva',1,'1349515','pts',NULL,'1962-09-09',1,'2014-01-06',NULL,NULL,'staff/avatar/506.jpg',NULL),(94,'Eliseo','Inca Games',1,'3762641','cba',NULL,'1974-01-25',1,'2014-01-06',NULL,NULL,'staff/avatar/505.jpg',NULL),(95,'Juan de','Ricaldez Terrazas',1,'3132257','cba',NULL,'1964-03-08',1,'2014-01-06',NULL,NULL,'staff/avatar/502.jpg',NULL),(96,'Rene','Vaca Vargas',1,'976022','cba',NULL,'1956-08-15',1,'2014-01-06',NULL,NULL,'staff/avatar/501.jpg',NULL),(97,'Freddy Hans','Rivero Gallardo',1,'961854','cba',NULL,'1957-07-10',1,'2014-01-06',NULL,NULL,'staff/avatar/500.jpg',NULL),(98,'Juan','Ramos Campos',1,'980112','cba',NULL,'1962-06-24',1,'2014-01-06',NULL,NULL,'staff/avatar/499.jpg',NULL),(99,'Nelson Jorge','Lopez Tapia',1,'2429067','lpz',NULL,'1960-02-14',1,'2014-01-06',NULL,NULL,'staff/avatar/496.jpg',NULL),(100,'Javier','Rosales Chavez',1,'857963','cba',NULL,'1953-12-02',1,'2014-01-06',NULL,NULL,'staff/avatar/494.jpg',NULL),(101,'Edwin','Sanjines Figueroa',1,'2235464','lpz',NULL,'1956-01-15',1,'2014-01-06',NULL,NULL,'staff/avatar/492.jpg',NULL),(102,'Mario Antonio','Ureña Garcia',1,'949558','cba',NULL,'1957-12-10',1,'2014-01-06',NULL,NULL,'staff/avatar/490.jpg',NULL),(103,'Edwin Marcos','Infante Cordero',1,'3124566','cba',NULL,'1967-11-16',1,'2014-01-06',NULL,NULL,'staff/avatar/488.jpg',NULL),(104,'Joaquin','Delgado Chaca',1,'2332956','cba',NULL,'1955-08-18',1,'2014-01-06',NULL,NULL,'staff/avatar/487.jpg',NULL),(105,'Orlando','Vedia Loayza',1,'440648','lpz',NULL,'1957-10-11',1,'2014-01-06',NULL,NULL,'staff/avatar/486.jpg',NULL),(106,'Cesar Rafael','Veizaga Velarde',1,'954380','cba',NULL,'1955-10-20',1,'2014-01-06',NULL,NULL,'staff/avatar/485.jpg',NULL),(107,'David','Cuellar Ruiz',1,'1729955','ben',NULL,'1964-10-21',1,'2014-01-06',NULL,NULL,'staff/avatar/484.jpg',NULL),(108,'Victor','Escobar Santos',1,'2721751','oru',NULL,'1957-06-15',1,'2014-01-06',NULL,NULL,'staff/avatar/482.jpg',NULL),(109,'Geronimo','Zambrana Montaño',1,'2312030','lpz',NULL,'1956-09-30',1,'2014-01-06',NULL,NULL,'images/default_avatar.png',NULL),(110,'Juan Bautista','Saavedra Ontiveros',1,'973543','cba',NULL,'1956-08-31',1,'2014-01-06',NULL,NULL,'staff/avatar/480.jpg',NULL),(111,'Juan Carlos','Valdez Toledo',1,'2020108','lpz',NULL,'1952-12-04',1,'2014-01-06',NULL,NULL,'staff/avatar/478.jpg',NULL),(112,'Carlos','Grageda Tordoya',1,'961964','cba',NULL,'1960-03-02',1,'2014-01-06',NULL,NULL,'staff/avatar/477.jpg',NULL),(113,'Cesar Williams','Cano Sevilla',1,'2866700','cba',NULL,'1962-01-28',1,'2014-01-06',NULL,NULL,'staff/avatar/476.jpg',NULL),(114,'Benigno','Torrez Vallejos',1,'827392','cba',NULL,'1952-11-01',1,'2014-01-06',NULL,NULL,'staff/avatar/475.jpg',NULL),(115,'Elmer Ramiro','Bolaños Espinoza',1,'957796','cba',NULL,'1960-05-29',1,'2014-01-06',NULL,NULL,'staff/avatar/474.jpg',NULL),(116,'Jaime','Suarez Coronel',1,'2903769','cba',NULL,'1963-02-09',1,'2014-01-06',NULL,NULL,'staff/avatar/473.jpg',NULL),(117,'Gerardo Ambrocio','Vega Rios',1,'658229','oru',NULL,'1955-12-07',1,'2014-01-06',NULL,NULL,'staff/avatar/472.jpg',NULL),(118,'Wilfredo','Lopez Romero',1,'993141','cba',NULL,'1957-10-14',1,'2014-01-06',NULL,NULL,'staff/avatar/471.jpg',NULL),(119,'Jose Vladimir','Rojas Vasquez',1,'965135','cba',NULL,'1956-11-26',1,'2014-01-06',NULL,NULL,'staff/avatar/470.jpg',NULL),(120,'Eddy Raul','Lara Bolaños',1,'3147738','cba',NULL,'1965-07-13',1,'2014-01-06',NULL,NULL,'staff/avatar/469.jpg',NULL),(121,'Aidee Estela','Rocha Torrico',1,'3124256','cba',NULL,'1963-02-07',1,'2014-01-06',NULL,NULL,'staff/avatar/466.jpg',NULL),(122,'Raul Jose','Rojas Ortega',1,'991244','cba',NULL,'1959-03-12',1,'2014-01-06',NULL,NULL,'staff/avatar/465.jpg',NULL),(123,'Martin Ruben','Perez Parrado',1,'2055943','lpz',NULL,'1951-06-27',1,'2014-01-06',NULL,NULL,'staff/avatar/462.jpg',NULL),(124,'Victor Hugo','Jaimes Camacho',1,'972885','cba',NULL,'1959-02-26',1,'2014-01-06',NULL,NULL,'staff/avatar/460.jpg',NULL),(125,'Nelson Eddy','Villarroel Cardenas',1,'833359','cba',NULL,'1953-04-12',1,'2014-01-06',NULL,NULL,'staff/avatar/444.jpg',NULL),(126,'Oscar Alejandro','Castellon Aviles',1,'2891480','cba',NULL,'1960-07-17',1,'2014-01-06',NULL,NULL,'staff/avatar/442.jpg',NULL),(127,'Franz Raul','Espinoza Sejas',1,'837384','cba',NULL,'1953-04-03',1,'2014-01-06',NULL,NULL,'staff/avatar/441.jpg',NULL),(128,'Guadalupe','Suxo Patiño',1,'2284450','lpz',NULL,'1962-12-13',1,'2014-01-06',NULL,NULL,'staff/avatar/439.jpg',NULL),(129,'Erick Froilan','Sanchez Aguirre',1,'3152925','cba',NULL,'1965-07-07',1,'2014-01-06',NULL,NULL,'staff/avatar/438.jpg',NULL),(130,'Jannette','Flores Morales',1,'3605782','cba',NULL,'1967-10-25',1,'2014-01-06',NULL,NULL,'staff/avatar/436.jpg',NULL),(131,'Roberto Andres','Valdivia Lujan',1,'999960','cba',NULL,'1961-12-01',1,'2014-01-06',NULL,NULL,'staff/avatar/433.jpg',NULL),(132,'Miguel Antonio','Camacho Crespo',1,'955891','cba',NULL,'1956-11-16',1,'2014-01-06',NULL,NULL,'staff/avatar/429.jpg',NULL),(133,'Luis Alberto','Perez Llanos',1,'2695103','lpz',NULL,'1969-06-02',1,'2014-01-06',NULL,NULL,'staff/avatar/428.jpg',NULL),(134,'Werner Bernardo','Choque Velasquez',1,'3681286','pts',NULL,'1965-03-12',1,'2014-01-06',NULL,NULL,'staff/avatar/427.jpg',NULL),(135,'Roberto Rodolfo','Laime Mamani',1,'3389813','lpz',NULL,'1965-04-17',1,'2014-01-06',NULL,NULL,'staff/avatar/426.jpg',NULL),(136,'Juan Carlos','Cardenas Gomez',1,'831743','cba',NULL,'1955-05-07',1,'2014-01-06',NULL,NULL,'staff/avatar/425.jpg',NULL),(137,'Jose Antonio','Trujillo Garcia',1,'3131316','cba',NULL,'1963-10-23',1,'2014-01-06',NULL,NULL,'staff/avatar/423.jpg',NULL),(138,'Alejandro','Mendoza Lizarazu',1,'2332930','lpz',NULL,'1955-05-29',1,'2014-01-06',NULL,NULL,'staff/avatar/422.jpg',NULL),(139,'Jhonny','Uzeda Candia',1,'2745750','oru',NULL,'1960-01-18',1,'2014-01-06',NULL,NULL,'staff/avatar/421.jpg',NULL),(140,'Julio Angel','Zamorano Aguilar',1,'3003872','cba',NULL,'1960-08-02',1,'2014-01-06',NULL,NULL,'staff/avatar/420.jpg',NULL),(141,'David Edgar','Ibañez Jaldin',1,'2872255','cba',NULL,'1961-10-22',1,'2014-01-06',NULL,NULL,'staff/avatar/418.jpg',NULL),(142,'Carlos Fernando','Gutierrez Antezana',1,'3589092','cba',NULL,'1967-11-05',1,'2014-01-06',NULL,NULL,'staff/avatar/417.jpg',NULL),(143,'Jorge Alfredo','Cespedes Vargas',1,'3604271','cba',NULL,'1966-03-07',1,'2014-01-06',NULL,NULL,'staff/avatar/416.jpg',NULL),(144,'Gonzalo Fernando','Leon Flores',1,'3753759','cba',NULL,'1968-10-16',1,'2014-01-06',NULL,NULL,'staff/avatar/415.jpg',NULL),(145,'Gary Alexander','Prado Ortiz',1,'3720056','cba',NULL,'1969-03-12',1,'2014-01-06',NULL,NULL,'staff/avatar/414.jpg',NULL),(146,'Julio','Olmos Oropeza',1,'2739736','oru',NULL,'1957-01-10',1,'2014-01-06',NULL,NULL,'staff/avatar/413.jpg',NULL),(147,'Tito','Fernandez Muñoz',1,'3053500','cba',NULL,'1963-02-24',1,'2014-01-06',NULL,NULL,'staff/avatar/412.jpg',NULL),(148,'Guido','Meruvia Villarroel',1,'3723420','cba',NULL,'1967-01-12',1,'2014-01-06',NULL,NULL,'staff/avatar/411.jpg',NULL),(149,'Jose Alberto','Imaca Cossio',1,'3746727','cba',NULL,'1965-08-06',1,'2014-01-06',NULL,NULL,'staff/avatar/410.jpg',NULL),(150,'Elvis Oscar','Lara Lopez',1,'3744861','cba',NULL,'1968-05-20',1,'2014-01-06',NULL,NULL,'staff/avatar/409.jpg',NULL),(151,'Julian Marcos','Aguilar Torrico',1,'3084687','oru',NULL,'1967-06-24',1,'2014-01-06',NULL,NULL,'staff/avatar/407.jpg',NULL),(152,'Oscar','Felipez Orosco',1,'2894425','cba',NULL,'1956-09-21',1,'2014-01-06',NULL,NULL,'staff/avatar/406.jpg',NULL),(153,'Juan Marcelo','Churqui Arando',1,'3153213','cba',NULL,'1958-06-02',1,'2014-01-06',NULL,NULL,'staff/avatar/404.jpg',NULL),(154,'Luis Fernando','Loayza Choque',1,'440810','lpz',NULL,'1956-05-09',1,'2014-01-06',NULL,NULL,'staff/avatar/402.jpg',NULL),(155,'Ramiro Gonzalo','Claros Salazar',1,'2872646','cba',NULL,'1961-05-27',1,'2014-01-06',NULL,NULL,'staff/avatar/401.jpg',NULL),(156,'Orlando','Sejas Zapata',1,'959273','cba',NULL,'1959-03-21',1,'2014-01-06',NULL,NULL,'staff/avatar/400.jpg',NULL),(157,'Santiago','Mamani Ayllon',1,'2885179','cba',NULL,'1958-05-25',1,'2014-01-06',NULL,NULL,'staff/avatar/399.jpg',NULL),(158,'Carlos Filiberto','Herbas Pereira',1,'995138','cba',NULL,'1959-10-26',1,'2014-01-06',NULL,NULL,'staff/avatar/398.jpg',NULL),(159,'Justo','Ventura Tola',1,'990821','cba',NULL,'1952-07-08',1,'2014-01-06',NULL,NULL,'staff/avatar/397.jpg',NULL),(160,'Enrique Omar','Velasco Pardo',1,'992957','cba',NULL,'1960-02-08',1,'2014-01-06',NULL,NULL,'staff/avatar/395.jpg',NULL),(161,'Eduardo','Arenas Baptista',1,'1371203','pts',NULL,'1955-09-14',1,'2014-01-06',NULL,NULL,'staff/avatar/394.jpg',NULL),(162,'Roberto','Loza Soria',1,'3124588','cba',NULL,'1963-11-20',1,'2014-01-06',NULL,NULL,'staff/avatar/392.jpg',NULL),(163,'Jose Antonio','Cossio Via',1,'3763662','cba',NULL,'1967-05-04',1,'2014-01-06',NULL,NULL,'staff/avatar/391.jpg',NULL),(164,'Guillermo','Herbas Diaz',1,'956438','cba',NULL,'1956-02-10',1,'2014-01-06',NULL,NULL,'staff/avatar/390.jpg',NULL),(165,'Jorge Vicente','Paniagua Patiño',1,'1393505','pts',NULL,'1964-07-19',1,'2014-01-06',NULL,NULL,'staff/avatar/389.jpg',NULL),(166,'Maria Genoveva','Contreras Guevara',1,'3157471','cba',NULL,'1967-08-16',1,'2014-01-06',NULL,NULL,'staff/avatar/388.jpg',NULL),(167,'Jhonny Carlos','Jaimes Camacho',1,'2884462','cba',NULL,'1963-10-15',1,'2014-01-06',NULL,NULL,'staff/avatar/387.jpg',NULL),(168,'Jorge','Villarroel Cordero',1,'777433','cba',NULL,'1952-11-18',1,'2014-01-06',NULL,NULL,'staff/avatar/386.jpg',NULL),(169,'Jose Simon','Soliz Guzman',1,'767643','cba',NULL,'1945-10-08',1,'2014-01-06',NULL,NULL,'staff/avatar/385.jpg',NULL),(170,'Jose Pedro','Camacho Valverde',1,'828899','cba',NULL,'1950-04-18',1,'2014-01-06',NULL,NULL,'staff/avatar/384.jpg',NULL),(171,'Guillermo','Patiño Lazarte',1,'816016','cba',NULL,'1950-02-10',1,'2014-01-06',NULL,NULL,'staff/avatar/381.jpg',NULL),(172,'Gaston Flavio','Barrientos Cabañero',1,'2871432','cba',NULL,'1958-12-22',1,'2014-01-06',NULL,NULL,'staff/avatar/373.jpg',NULL),(173,'Victor','Claros Moya',1,'2792109','oru',NULL,'1965-04-12',1,'2014-01-06',NULL,NULL,'staff/avatar/372.jpg',NULL),(174,'Nestor','Fernandez Ortega',1,'996176','cba',NULL,'1952-11-11',1,'2014-01-06',NULL,NULL,'staff/avatar/371.jpg',NULL),(175,'Mario Americo','Rojas Villarroel',1,'3571944','cba',NULL,'1971-08-01',1,'2014-01-06',NULL,NULL,'staff/avatar/370.jpg',NULL),(176,'Freddy Rafael','Gonzales Guzman',1,'2872753','cba',NULL,'1959-10-24',1,'2014-01-06',NULL,NULL,'staff/avatar/369.jpg',NULL),(177,'Victor','Garcia Cullavi',1,'953563','cba',NULL,'1957-07-28',1,'2014-01-06',NULL,NULL,'staff/avatar/366.jpg',NULL),(178,'Raul','Delgadillo Rojas',1,'986250','cba',NULL,'1957-11-18',1,'2014-01-06',NULL,NULL,'staff/avatar/364.jpg',NULL),(179,'Edgar','Vargas Flores',1,'3155494','cba',NULL,'1967-12-12',1,'2014-01-06',NULL,NULL,'staff/avatar/361.jpg',NULL),(180,'Freddy Emilio','Orellana Rios',1,'3601855','cba',NULL,'1965-09-06',1,'2014-01-06',NULL,NULL,'staff/avatar/359.jpg',NULL),(181,'David','Zeballos Choque',1,'673626','oru',NULL,'1951-12-20',1,'2014-01-06',NULL,NULL,'staff/avatar/356.jpg',NULL),(182,'Jaime','Soria Salazar',1,'984205','cba',NULL,'1959-11-08',1,'2014-01-06',NULL,NULL,'staff/avatar/355.jpg',NULL),(183,'Cristobal','Marin Zurita',1,'3002481','cba',NULL,'1954-07-10',1,'2014-01-06',NULL,NULL,'staff/avatar/351.jpg',NULL),(184,'Nicanor','Caton',1,'985441','cba',NULL,'1953-06-05',1,'2014-01-06',NULL,NULL,'staff/avatar/350.jpg',NULL),(185,'Gualberto Trifon','Hinojosa Heredia',1,'794481','cba',NULL,'1953-07-03',1,'2014-01-06',NULL,NULL,'staff/avatar/349.jpg',NULL),(186,'Victor Raul','Untiveros Iriarte',1,'2905496','cba',NULL,'1962-06-14',1,'2014-01-06',NULL,NULL,'staff/avatar/329.jpg',NULL),(187,'Isidoro','Callahuara Alata',1,'1297852','pts',NULL,'1952-05-07',1,'2014-01-06',NULL,NULL,'staff/avatar/327.jpg',NULL),(188,'Mario','Tanga Calle',1,'2490164','lpz',NULL,'1959-03-03',1,'2014-01-06',NULL,NULL,'staff/avatar/326.jpg',NULL),(189,'Pastor','Siñani Flores',1,'2208768','lpz',NULL,'1947-03-29',1,'2014-01-06',NULL,NULL,'staff/avatar/324.jpg',NULL),(190,'Fausto Rene','Escobar Claros',1,'3000110','cba',NULL,'1964-02-15',1,'2014-01-06',NULL,NULL,'staff/avatar/323.jpg',NULL),(191,'Sergio','Fuentes Antezana',1,'3155986','cba',NULL,'1967-07-09',1,'2014-01-06',NULL,NULL,'staff/avatar/322.jpg',NULL),(192,'Guillermo Buby','Bause Bascope',1,'2884924','cba',NULL,'1961-06-05',1,'2014-01-06',NULL,NULL,'staff/avatar/321.jpg',NULL),(193,'Jaime','Villagomez Limache',1,'3162543','scz',NULL,'1952-07-12',1,'2014-01-06',NULL,NULL,'staff/avatar/319.jpg',NULL),(194,'Walter Carlos','Arancibia Soto',1,'2726197','oru',NULL,'1955-09-11',1,'2014-01-06',NULL,NULL,'staff/avatar/318.jpg',NULL),(195,'Carlos Gerardo','Guarachi Cossio',1,'935630','cba',NULL,'1957-10-03',1,'2014-01-06',NULL,NULL,'staff/avatar/317.jpg',NULL),(196,'Juan de','Angulo Lizarraga',1,'946273','cba',NULL,'1956-03-08',1,'2014-01-06',NULL,NULL,'images/default_avatar.png',NULL),(197,'Victor Carlos','Cespedes Balderrama',1,'990979','cba',NULL,'1955-05-14',1,'2014-01-06',NULL,NULL,'staff/avatar/314.jpg',NULL),(198,'Jose Juvenal','Medina Medina',1,'2884368','cba',NULL,'1961-05-03',1,'2014-01-06',NULL,NULL,'staff/avatar/308.jpg',NULL),(199,'Lilian Elizabeth','Guzman Torrico',1,'992780','cba',NULL,'1964-02-25',1,'2014-01-06',NULL,NULL,'images/default_avatar.png',NULL),(200,'Mabel Angela','Vargas Aguilar',1,'949841','cba',NULL,'1955-10-02',1,'2014-01-06',NULL,NULL,'staff/avatar/306.jpg',NULL),(201,'Janeth Katia','Rocabado Ayaviri',1,'3596434','cba',NULL,'1967-07-16',1,'2014-01-06',NULL,NULL,'staff/avatar/300.jpg',NULL),(202,'Carlos Alberto','Vasquez Lopez',1,'3811471','cba',NULL,'1976-03-25',1,'2014-01-06',NULL,NULL,'staff/avatar/265.jpg',NULL),(203,'Jose Antonio','Coca Torrico',1,'963862','cba',NULL,'1956-06-20',1,'2014-01-06',NULL,NULL,'staff/avatar/257.jpg',NULL),(204,'Mario Antonio','Azero Meruvia',1,'3034050','cba',NULL,'1964-10-02',1,'2014-01-06',NULL,NULL,'staff/avatar/256.jpg',NULL),(205,'Jose Fernando','Morales Herrera',1,'932364','cba',NULL,'1958-04-22',1,'2014-01-06',NULL,NULL,'staff/avatar/255.jpg',NULL),(206,'de Guzman','Larrazabal Niño',1,'2014798','lpz',NULL,'1951-11-09',1,'2014-01-06',NULL,NULL,'staff/avatar/254.jpg',NULL),(207,'Linette Beatriz','Guardia Gomez',1,'3150910','cba',NULL,'1969-03-26',1,'2014-01-06',NULL,NULL,'staff/avatar/252.jpg',NULL),(208,'Nelva del','Garnica Numbela',1,'848792','cba',NULL,'1956-07-10',1,'2014-01-06',NULL,NULL,'staff/avatar/243.jpg',NULL),(209,'Nilson','Condori Pedro',1,'4475642','cba',NULL,'1979-08-08',1,'2014-01-06',NULL,NULL,'images/default_avatar.png',NULL),(210,'Gonzalo Ariel','Orozco Aranibar',1,'4468013','cba',NULL,'1976-10-18',1,'2014-01-06',NULL,NULL,'images/default_avatar.png',NULL),(211,'San Luis','Coca Fuentes',1,'3723444','cba',NULL,'1971-08-25',1,'2014-01-06',NULL,NULL,'images/default_avatar.png',NULL),(212,'Carlos Daniel','Mita Tusco',1,'7899473','cba',NULL,'1987-02-08',1,'2014-01-06',NULL,NULL,'images/default_avatar.png',NULL),(213,'Alfredo','Fernandez Daniel',1,'6535412','cba',NULL,'1987-09-19',1,'2014-01-06',NULL,NULL,'images/default_avatar.png',NULL),(214,'Alberto','Nina Luis',1,'8831536','cba',NULL,'1990-08-20',1,'2014-01-06',NULL,NULL,'images/default_avatar.png',NULL),(215,'Jorge Daniel','Mendez Zelada',1,'5843046','scz',NULL,'1981-05-09',1,'2014-01-06',NULL,NULL,'images/default_avatar.png',NULL),(216,'Arturo','Albares Maldonado',1,'7937114','cba',NULL,'1990-04-25',1,'2014-01-06',NULL,NULL,'images/default_avatar.png',NULL),(217,'Carlos Alberto','Gil Algarañaz',1,'8211387','scz',NULL,'1992-02-14',1,'2014-01-06',NULL,NULL,'images/default_avatar.png',NULL),(218,'del Rosario','Lobo Maria',1,'3577328','cba',NULL,'1967-07-03',1,'2014-01-06',NULL,NULL,'staff/avatar/241.jpg',NULL),(219,'Pedro Erasmo','Paniagua Rosales',1,'6413378','cba',NULL,'1983-10-19',1,'2014-01-06',NULL,NULL,'images/default_avatar.png',NULL),(220,'Henry','Soliz Salinas',1,'8732243','cba',NULL,'1991-10-30',1,'2014-01-06',NULL,NULL,'images/default_avatar.png',NULL),(221,'Leonardo','Toroya Gabriel',1,'5251651','cba',NULL,'1980-04-11',1,'2014-01-06',NULL,NULL,'images/default_avatar.png',NULL),(222,'Jose Daniel','Arispe Ganoza',1,'5225361','cba',NULL,'1984-03-09',1,'2014-01-06',NULL,NULL,'images/default_avatar.png',NULL),(223,'Luis Alberto','Delgadillo Terrazas',1,'8053338','cba',NULL,'1990-08-02',1,'2014-01-06',NULL,NULL,'images/default_avatar.png',NULL),(224,'Joseph Erick','Tito Aguilar',1,'8796465','cba',NULL,'1989-01-03',1,'2014-01-06',NULL,NULL,'images/default_avatar.png',NULL),(225,'Cesar Rolando','Sejas Aramayo',1,'2451504','lpz',NULL,'1970-01-14',1,'2014-01-06',NULL,NULL,'images/default_avatar.png',NULL),(226,'Cesar Nelson','Rojas Sahonero',1,'4394657','cba',NULL,'1976-08-04',1,'2014-01-06',NULL,NULL,'images/default_avatar.png',NULL),(227,'Winder Franz','Vallejos Vargas',1,'3734318','cba',NULL,'1983-04-18',1,'2014-01-06',NULL,NULL,'images/default_avatar.png',NULL),(228,'Herman','Chore Camara',1,'4690582','scz',NULL,'1977-07-24',1,'2014-01-06',NULL,NULL,'images/default_avatar.png',NULL),(229,'Mario Ivan','Mendoza Medina',1,'3137790','cba',NULL,'1966-12-17',1,'2014-01-06',NULL,NULL,'images/default_avatar.png',NULL),(230,'Edgar Jose','Villazon Ramirez',1,'3617779','cba',NULL,'1969-05-25',1,'2014-01-06',NULL,NULL,'images/default_avatar.png',NULL),(231,'Emerson Julio','Guzman Saravia',1,'5186516','cba',NULL,'1979-07-20',1,'2014-01-06',NULL,NULL,'images/default_avatar.png',NULL),(232,'Roger Gonzalo','Lopez Magne',1,'813387','cba',NULL,'1969-09-10',1,'2014-01-06',NULL,NULL,'staff/avatar/238.jpg',NULL),(233,'Denis Sergio','Gutierrez Vargas',1,'6465780','cba',NULL,'1983-01-04',1,'2014-01-06',NULL,NULL,'images/default_avatar.png',NULL),(234,'Miguel Angel','Moya Mamani',1,'7862481','cba',NULL,'1986-09-27',1,'2014-01-06',NULL,NULL,'images/default_avatar.png',NULL),(235,'Zenon','Huaylla Flores',1,'3537046','oru',NULL,'1976-04-12',1,'2014-01-06',NULL,NULL,'images/default_avatar.png',NULL),(236,'Reinaldo Gonzalo','Rivera Galvis',1,'3148700','cba',NULL,'1963-01-06',1,'2014-01-06',NULL,NULL,'images/default_avatar.png',NULL),(237,'Juan Miguel','Valencia Coimbra',1,'4536612','cba',NULL,'1980-01-08',1,'2014-01-06',NULL,NULL,'images/default_avatar.png',NULL),(238,'Milovan Nelson','Lazo Arispe',1,'6412401','cba',NULL,'1984-01-23',1,'2014-01-06',NULL,NULL,'images/default_avatar.png',NULL),(239,'Jose Nelson','Salazar Alandia',1,'3801114','cba',NULL,'1978-11-20',1,'2014-01-06',NULL,NULL,'images/default_avatar.png',NULL),(240,'Gualberto','Pardo Chavez',1,'6413509','cba',NULL,'1983-11-14',1,'2014-01-06',NULL,NULL,'images/default_avatar.png',NULL),(241,'Jhonny','Arce Orellana',1,'5261167','cba',NULL,'1987-12-29',1,'2014-01-06',NULL,NULL,'images/default_avatar.png',NULL),(242,'Tito','Suarez Flores',1,'5909830','cba',NULL,'1985-07-09',1,'2014-01-06',NULL,NULL,'images/default_avatar.png',NULL),(243,'Cinthia Patricia','Vasquez Villamor',1,'3039973','cba',NULL,'1966-05-09',1,'2014-01-06',NULL,NULL,'staff/avatar/236.jpg',NULL),(244,'Alex Auber','Geronimo Gonzales',1,'4529572','cba',NULL,'1974-04-26',1,'2014-01-06',NULL,NULL,'images/default_avatar.png',NULL),(245,'Jesus Emilio','Ayala Ayala',1,'4390279','cba',NULL,'1976-12-25',1,'2014-01-06',NULL,NULL,'images/default_avatar.png',NULL),(246,'Nelson Gonzalo','Lopez Vera',1,'3603146','cba',NULL,'1968-03-24',1,'2014-01-06',NULL,NULL,'images/default_avatar.png',NULL),(247,'Yancarla','Quiroz Ortuño',1,'5236788','cba',NULL,'1973-11-10',1,'2014-01-06',NULL,NULL,'images/default_avatar.png',NULL),(248,'Marvin Gary','Rivero Illanes',1,'6417243','cba',NULL,'1983-10-20',1,'2014-01-06',NULL,NULL,'images/default_avatar.png',NULL),(249,'Jose Luis','Barrios Mercado',1,'1857575','trj',NULL,'1966-02-22',1,'2014-01-06',NULL,NULL,'images/default_avatar.png',NULL),(250,'Edson Mauricio','Zapata Zambrana',1,'6422474','cba',NULL,'1985-09-14',1,'2014-01-06',NULL,NULL,'images/default_avatar.png',NULL),(251,'Wilson Ariel','Aquino Mariscal',1,'6476376','cba',NULL,'1987-07-24',1,'2014-01-06',NULL,NULL,'images/default_avatar.png',NULL),(252,'Luis Carlos','Rioja Rivero',1,'5603577','ben',NULL,'1986-07-07',1,'2014-01-06',NULL,NULL,'images/default_avatar.png',NULL),(253,'Mirael Rene','Lopez Azero',1,'4479413','cba',NULL,'1976-04-18',1,'2014-01-06',NULL,NULL,'images/default_avatar.png',NULL),(254,'Torre Cristhian','Aguilar La',1,'6612865','pts',NULL,'1986-01-21',1,'2014-01-06',NULL,NULL,'images/default_avatar.png',NULL),(255,'Juan Pablo','Terceros Rojas',1,'5226071','cba',NULL,'1980-11-17',1,'2014-01-06',NULL,NULL,'images/default_avatar.png',NULL),(256,'Orlando','Troncoso Pillco',1,'6551650','cba',NULL,'1988-03-02',1,'2014-01-06',NULL,NULL,'images/default_avatar.png',NULL),(257,'Marcelino','Orellana Ontiveros',1,'3008275','cba',NULL,'1960-04-26',1,'2014-01-06',NULL,NULL,'images/default_avatar.png',NULL),(258,'Juan','Hinojosa Quiroga',1,'3770540','cba',NULL,'1969-11-24',1,'2014-01-06',NULL,NULL,'staff/avatar/2336.jpg',NULL),(259,'Edson','Veizaga Sandoval',1,'5230839','cba',NULL,'1988-08-17',1,'2014-01-06',NULL,NULL,'staff/avatar/2334.jpg',NULL),(260,'Zenon','Rios Ponce',1,'2336301','lpz',NULL,'1956-04-12',1,'2014-01-06',NULL,NULL,'staff/avatar/2333.jpg',NULL),(261,'Richar Ernesto','Orellana Soto',1,'4391137','cba',NULL,'1974-03-05',1,'2014-01-06',NULL,NULL,'staff/avatar/2332.jpg',NULL),(262,'Luis Fernando','Lara Bustamante',1,'2862951','cba',NULL,'1962-06-20',1,'2014-01-06',NULL,NULL,'staff/avatar/2331.jpg',NULL),(263,'Juan Carlos','Monje Medina',1,'3617721','cba',NULL,'1970-03-07',1,'2014-01-06',NULL,NULL,'staff/avatar/2330.jpg',NULL),(264,'Victor Hugo','Antezana Nogales',1,'3596705','cba',NULL,'1969-09-25',1,'2014-01-06',NULL,NULL,'staff/avatar/233.jpg',NULL),(265,'Darlene','Aranibar Enriquez',1,'2728573','oru',NULL,'1956-11-28',1,'2014-01-06',NULL,NULL,'staff/avatar/2329.jpg',NULL),(266,'Henrry Wilson','Guzman Camara',1,'3729857','cba',NULL,'1968-03-19',1,'2014-01-06',NULL,NULL,'staff/avatar/2328.jpg',NULL),(267,'Jose','Perez Zurita',1,'3586372','cba',NULL,'1965-08-26',1,'2014-01-06',NULL,NULL,'staff/avatar/2327.jpg',NULL),(268,'Ruth','Rojas Peña',1,'7410694','oru',NULL,'1955-11-09',1,'2014-01-06',NULL,NULL,'staff/avatar/2326.jpg',NULL),(269,'Carlos','Soria Rodriguez',1,'2320862','lpz',NULL,'1955-10-30',1,'2014-01-06',NULL,NULL,'staff/avatar/2325.jpg',NULL),(270,'Marco Antonio','Anzoleaga Vargas',1,'372347','cba',NULL,'1971-01-06',1,'2014-01-06',NULL,NULL,'staff/avatar/2324.jpg',NULL),(271,'Wilfredo','Cari Nuñez',1,'1336059','pts',NULL,'1957-10-27',1,'2014-01-06',NULL,NULL,'staff/avatar/2322.jpg',NULL),(272,'Guillermo','Wayar Gamarra',1,'2020539','lpz',NULL,'1949-04-01',1,'2014-01-06',NULL,NULL,'staff/avatar/2321.jpg',NULL),(273,'Guido','Heredia Vela',1,'3733328','cba',NULL,'1969-06-25',1,'2014-01-06',NULL,NULL,'staff/avatar/2316.jpg',NULL),(274,'Oscar Gualberto','Claure Villarroel',1,'3787254','cba',NULL,'1964-09-08',1,'2014-01-06',NULL,NULL,'staff/avatar/2315.jpg',NULL),(275,'Samuel','Arias Garcia',1,'8020644','cba',NULL,'1991-03-23',1,'2014-01-06',NULL,NULL,'staff/avatar/2310.jpg',NULL),(276,'Enrique Roger','Ossio Campos',1,'4976860','lpz',NULL,'1976-12-09',1,'2014-01-06',NULL,NULL,'staff/avatar/2309.jpg',NULL),(277,'Boris Marcelo','Castro Claros',1,'5186915','cba',NULL,'1982-06-21',1,'2014-01-06',NULL,NULL,'staff/avatar/2308.jpg',NULL),(278,'Eduardo','Crossa Ortiz',1,'4174145','cba',NULL,'1977-08-28',1,'2014-01-06',NULL,NULL,'staff/avatar/2307.jpg',NULL),(279,'Eduardo','Aranibar Garcia',1,'3780830','cba',NULL,'1976-10-01',1,'2014-01-06',NULL,NULL,'staff/avatar/2306.jpg',NULL),(280,'Andres','Rivero Israel',1,'4525869','cba',NULL,'1984-01-01',1,'2014-01-06',NULL,NULL,'staff/avatar/2305.jpg',NULL),(281,'Luis Fernando','Rengel Saavedra',1,'4414551','cba',NULL,'1978-09-20',1,'2014-01-06',NULL,NULL,'staff/avatar/2304.jpg',NULL),(282,'Jose Antonio','Silvestre Heredia',1,'351238','oru',NULL,'1972-10-29',1,'2014-01-06',NULL,NULL,'staff/avatar/2303.jpg',NULL),(283,'William Jimy','Terrazas Daza',1,'3240600','scz',NULL,'1966-06-05',1,'2014-01-06',NULL,NULL,'staff/avatar/2301.jpg',NULL),(284,'Alex','Montecinos Corpa',1,'6559601','cba',NULL,'1987-04-17',1,'2014-01-06',NULL,NULL,'staff/avatar/2300.jpg',NULL),(285,'Raul Peter','Antezana Garcia',1,'5319922','cba',NULL,'1986-07-18',1,'2014-01-06',NULL,NULL,'staff/avatar/2299.jpg',NULL),(286,'Juan Carlos','Hidalgo Guzman',1,'3600943','cba',NULL,'1966-06-23',1,'2014-01-06',NULL,NULL,'staff/avatar/2298.jpg',NULL),(287,'Eunice','Ajalla Terceros',1,'5310180','cba',NULL,'1982-12-10',1,'2014-01-06',NULL,NULL,'staff/avatar/2293.jpg',NULL),(288,'Rodolfo Walter','Cordero Sanchez',1,'3390654','lpz',NULL,'1967-04-18',1,'2014-01-06',NULL,NULL,'staff/avatar/2291.jpg',NULL),(289,'Jersson Milko','Echeverria Lima',1,'5241177','cba',NULL,'1981-10-20',1,'2014-01-06',NULL,NULL,'staff/avatar/2290.jpg',NULL),(290,'Jorge','Terceros Calle',1,'827791','cba',NULL,'1949-11-11',1,'2014-01-06',NULL,NULL,'staff/avatar/229.jpg',NULL),(291,'Edgar Ciriaco','Huarachi Vargas',1,'3054787','oru',NULL,'1964-06-18',1,'2014-01-06',NULL,NULL,'staff/avatar/2288.jpg',NULL),(292,'Giovanni Jorge','Vidal Vargas',1,'3150689','cba',NULL,'1982-10-16',1,'2014-01-06',NULL,NULL,'staff/avatar/2270.jpg',NULL),(293,'Esteban','Tapia Almaraz',1,'838209','cba',NULL,'1955-12-26',1,'2014-01-06',NULL,NULL,'staff/avatar/227.jpg',NULL),(294,'Esteban Sebastian','Saavedra Ergueta',1,'4449913','cba',NULL,'1980-07-06',1,'2014-01-06',NULL,NULL,'staff/avatar/2269.jpg',NULL),(295,'Walter Javier','Mendoza Rodriguez',1,'4500269','cba',NULL,'1975-12-02',1,'2014-01-06',NULL,NULL,'staff/avatar/2267.jpg',NULL),(296,'Edmundo','Canedo Vargas',1,'4078586','cba',NULL,'1984-04-18',1,'2014-01-06',NULL,NULL,'staff/avatar/2266.jpg',NULL),(297,'Grover Samuel','Yugar Alvarez',1,'5158201','cba',NULL,'1975-12-04',1,'2014-01-06',NULL,NULL,'staff/avatar/2265.jpg',NULL),(298,'Javier','Cuevas Barreto',1,'5244912','cba',NULL,'1980-12-22',1,'2014-01-06',NULL,NULL,'staff/avatar/2264.jpg',NULL),(299,'Roy Mario','Cossio Enriquez',1,'4416634','cba',NULL,'1983-11-15',1,'2014-01-06',NULL,NULL,'staff/avatar/2263.jpg',NULL),(300,'Edgar','Onofre Rojas',1,'7978001','cba',NULL,'1987-10-08',1,'2014-01-06',NULL,NULL,'staff/avatar/2262.jpg',NULL),(301,'Tito','Antezana Guardia',1,'3011300','cba',NULL,'1961-02-06',1,'2014-01-06',NULL,NULL,'staff/avatar/2261.jpg',NULL),(302,'Pepe','Orellana Paulo',1,'5231393','cba',NULL,'1980-12-10',1,'2014-01-06',NULL,NULL,'staff/avatar/2260.jpg',NULL),(303,'Aida Isabel','Palomo Ovelar',1,'3025614','cba',NULL,'1967-10-13',1,'2014-01-06',NULL,NULL,'staff/avatar/226.jpg',NULL),(304,'Milenka Ilsen','Camberos Ayala',1,'5159988','cba',NULL,'1983-05-26',1,'2014-01-06',NULL,NULL,'staff/avatar/2255.jpg',NULL),(305,'German','Catari Rios',1,'4391773','cba',NULL,'1972-02-06',1,'2014-01-06',NULL,NULL,'staff/avatar/2250.jpg',NULL),(306,'Jesus Fernando','Rico Numbela',1,'817093','cba',NULL,'1952-02-07',1,'2014-01-06',NULL,NULL,'staff/avatar/225.jpg',NULL),(307,'Alberto','Cuellar Jorge',1,'6404852','cba',NULL,'1985-02-05',1,'2014-01-06',NULL,NULL,'staff/avatar/2249.jpg',NULL),(308,'Jorge Harold','Torrico Aguayo',1,'5272976','cba',NULL,'1984-03-08',1,'2014-01-06',NULL,NULL,'staff/avatar/2248.jpg',NULL),(309,'Jose Luis','Molina Diaz',1,'3616579','cba',NULL,'1970-06-18',1,'2014-01-06',NULL,NULL,'staff/avatar/2247.jpg',NULL),(310,'Leydi Ninoska','Terrazas Escobar',1,'5282383','cba',NULL,'1981-01-05',1,'2014-01-06',NULL,NULL,'staff/avatar/2246.jpg',NULL),(311,'Ruben Eduardo','Montaño Saavedra',1,'4419094','cba',NULL,'1976-03-27',1,'2014-01-06',NULL,NULL,'staff/avatar/2245.jpg',NULL),(312,'Miguel Jhonny','Garey Rocha',1,'4386130','cba',NULL,'1975-05-08',1,'2014-01-06',NULL,NULL,'staff/avatar/2242.jpg',NULL),(313,'Douglas Edwin','Aparicio Bermudez',1,'6091262','lpz',NULL,'1984-01-04',1,'2014-01-06',NULL,NULL,'staff/avatar/2241.jpg',NULL),(314,'Ruben Julio','Menacho Rodriguez',1,'3733682','cba',NULL,'1972-08-07',1,'2014-01-06',NULL,NULL,'staff/avatar/2240.jpg',NULL),(315,'Jose Luis','Tapia Rojas',1,'3006817','cba',NULL,'1963-11-09',1,'2014-01-06',NULL,NULL,'staff/avatar/223.jpg',NULL),(316,'Alexander','Delgadillo Lora',1,'7892842','cba',NULL,'1984-03-29',1,'2014-01-06',NULL,NULL,'staff/avatar/2226.jpg',NULL),(317,'Julio Jorge','Ferrel Salinas',1,'3130213','cba',NULL,'1962-08-21',1,'2014-01-06',NULL,NULL,'staff/avatar/2225.jpg',NULL),(318,'Farid Alejandro','Matny Gamboa',1,'5289454','cba',NULL,'1982-06-02',1,'2014-01-06',NULL,NULL,'staff/avatar/2224.jpg',NULL),(319,'Rene','Vidal Quiroga',1,'965853','cba',NULL,'1961-06-20',1,'2014-01-06',NULL,NULL,'staff/avatar/2223.jpg',NULL),(320,'Giovanna','Arias Molina',1,'4382458','cba',NULL,'1972-10-18',1,'2014-01-06',NULL,NULL,'staff/avatar/2222.jpg',NULL),(321,'Fabiola','Teran Veizaga',1,'4122395','trj',NULL,'1975-09-09',1,'2014-01-06',NULL,NULL,'staff/avatar/2221.jpg',NULL),(322,'Maria Elena','Mariscal Sanzetenea',1,'934793','cba',NULL,'1957-06-11',1,'2014-01-06',NULL,NULL,'staff/avatar/2214.jpg',NULL),(323,'Eliana Clara','Aduviri Ochoa',1,'2629407','lpz',NULL,'1979-10-26',1,'2014-01-06',NULL,NULL,'staff/avatar/2211.jpg',NULL),(324,'Alberto Javier','Herbas Bravo',1,'4476537','cba',NULL,'1980-03-25',1,'2014-01-06',NULL,NULL,'staff/avatar/2210.jpg',NULL),(325,'Inti Freddy','Escobar Gutierrez',1,'5188824','cba',NULL,'1988-06-04',1,'2014-01-06',NULL,NULL,'staff/avatar/2208.jpg',NULL),(326,'Iber Ismael','Collazos Vargas',1,'3725941','cba',NULL,'1966-04-20',1,'2014-01-06',NULL,NULL,'staff/avatar/2207.jpg',NULL),(327,'Marisol','Revollo Paredes',1,'1327997','pts',NULL,'1967-11-19',1,'2014-01-06',NULL,NULL,'staff/avatar/2201.jpg',NULL),(328,'Alejandrina','Saba Peredo',1,'5230572','cba',NULL,'1982-03-16',1,'2014-01-06',NULL,NULL,'staff/avatar/2200.jpg',NULL),(329,'Daniel Enrique','Villegas Montaño',1,'2879470','cba',NULL,'1973-11-25',1,'2014-01-06',NULL,NULL,'staff/avatar/2197.jpg',NULL),(330,'Mauricio Marcio','Valencia Romero',1,'5171573','cba',NULL,'1979-11-23',1,'2014-01-06',NULL,NULL,'staff/avatar/2192.jpg',NULL),(331,'Alex Jesus','Moreira Arias',1,'4307942','cba',NULL,'1975-03-19',1,'2014-01-06',NULL,NULL,'staff/avatar/2190.jpg',NULL),(332,'Danny','Mendez Escobar',1,'3807042','cba',NULL,'1988-09-09',1,'2014-01-06',NULL,NULL,'staff/avatar/2189.jpg',NULL),(333,'Iris Bricelda','Zeballos Vargas',1,'5272965','cba',NULL,'1982-08-09',1,'2014-01-06',NULL,NULL,'staff/avatar/2188.jpg',NULL),(334,'Tatiana Daniela','Torrico Trujillo',1,'4454285','cba',NULL,'1983-11-24',1,'2014-01-06',NULL,NULL,'staff/avatar/2186.jpg',NULL),(335,'Luis Gerardo','Vincenty Paniagua',1,'6424612','cba',NULL,'1983-07-17',1,'2014-01-06',NULL,NULL,'staff/avatar/2181.jpg',NULL),(336,'Percy','Soliz Antezana',1,'4503062','cba',NULL,'1979-01-24',1,'2014-01-06',NULL,NULL,'staff/avatar/2180.jpg',NULL),(337,'Juan Carlos','Herbas Davila',1,'5203302','cba',NULL,'1981-10-07',1,'2014-01-06',NULL,NULL,'staff/avatar/2177.jpg',NULL),(338,'Rodmy Jesus','Quiroga Aguilar',1,'5193948','cba',NULL,'1979-11-05',1,'2014-01-06',NULL,NULL,'staff/avatar/2176.jpg',NULL),(339,'Erick Danny','Acevedo Aguirre',1,'4449914','cba',NULL,'1979-11-27',1,'2014-01-06',NULL,NULL,'staff/avatar/2174.jpg',NULL),(340,'Jorge Jose','Nuñez Saravia',1,'6421788','cba',NULL,'1977-02-02',1,'2014-01-06',NULL,NULL,'staff/avatar/2167.jpg',NULL),(341,'Jhonny','Ortuste Montero',1,'5282202','cba',NULL,'1976-09-13',1,'2014-01-06',NULL,NULL,'staff/avatar/2165.jpg',NULL),(342,'Gonzalo','Huanca Siacara',1,'4501925','cba',NULL,'1977-05-31',1,'2014-01-06',NULL,NULL,'staff/avatar/2164.jpg',NULL),(343,'Jesus Reynaldo','Lopez Rosas',1,'5294984','cba',NULL,'1983-03-10',1,'2014-01-06',NULL,NULL,'staff/avatar/2159.jpg',NULL),(344,'Freddy Abdon','Cossio Bueno',1,'5193343','cba',NULL,'1980-07-23',1,'2014-01-06',NULL,NULL,'staff/avatar/2158.jpg',NULL),(345,'Angel Esteban','Morales Espinoza',1,'1370860','pts',NULL,'1967-08-03',1,'2014-01-06',NULL,NULL,'staff/avatar/2157.jpg',NULL),(346,'Maximo','Hinojosa Almanza',1,'4420105','cba',NULL,'1967-04-15',1,'2014-01-06',NULL,NULL,'staff/avatar/2156.jpg',NULL),(347,'Edwin','Sotomayor Sotez',1,'3739872','cba',NULL,'1965-09-19',1,'2014-01-06',NULL,NULL,'staff/avatar/2154.jpg',NULL),(348,'Ismael Lucas','Prado Rowe',1,'3322466','cba',NULL,'1962-09-22',1,'2014-01-06',NULL,NULL,'staff/avatar/2151.jpg',NULL),(349,'Juan Remberto','Castellon Quiñones',1,'5151235','cba',NULL,'1975-04-23',1,'2014-01-06',NULL,NULL,'staff/avatar/2147.jpg',NULL),(350,'Raul','Aguilera Fernandez',1,'4304544','cba',NULL,'1980-07-30',1,'2014-01-06',NULL,NULL,'staff/avatar/2146.jpg',NULL),(351,'Pedro Antonio','Azuga Davalos',1,'2789268','oru',NULL,'1963-01-05',1,'2014-01-06',NULL,NULL,'staff/avatar/2144.jpg',NULL),(352,'Ivan','Camacho Veizaga',1,'5278180','cba',NULL,'1980-08-20',1,'2014-01-06',NULL,NULL,'staff/avatar/2142.jpg',NULL),(353,'Eduardo','Claure',1,'3808224','cba',NULL,'1974-03-23',1,'2014-01-06',NULL,NULL,'staff/avatar/214.jpg',NULL),(354,'Orlando Ruben','Claros Vargas',1,'4388003','cba',NULL,'1973-05-25',1,'2014-01-06',NULL,NULL,'staff/avatar/2139.jpg',NULL),(355,'Yerson Israel','Zambrana Camara',1,'4466717','cba',NULL,'1978-12-15',1,'2014-01-06',NULL,NULL,'staff/avatar/2137.jpg',NULL),(356,'Edwin Wilson','Nogales Miranda',1,'4536471','cba',NULL,'1978-06-12',1,'2014-01-06',NULL,NULL,'staff/avatar/2136.jpg',NULL),(357,'Favio Alonso','Onofre Barron',1,'6444510','cba',NULL,'1987-10-22',1,'2014-01-06',NULL,NULL,'staff/avatar/2134.jpg',NULL),(358,'Marco Antonio','Lopez Ovando',1,'3281656','scz',NULL,'1970-08-05',1,'2014-01-06',NULL,NULL,'staff/avatar/2133.jpg',NULL),(359,'Milton Vladimir','Villarroel Camacho',1,'4407188','cba',NULL,'1975-12-05',1,'2014-01-06',NULL,NULL,'staff/avatar/2132.jpg',NULL),(360,'Omar','Nogales Ramirez',1,'6540165','cba',NULL,'1988-03-22',1,'2014-01-06',NULL,NULL,'staff/avatar/2129.jpg',NULL),(361,'Felix Vicente','Salazar Huarachi',1,'6475148','cba',NULL,'1982-08-13',1,'2014-01-06',NULL,NULL,'staff/avatar/2127.jpg',NULL),(362,'Jose Fernando','Ramallo Cabello',1,'3587838','cba',NULL,'1966-03-31',1,'2014-01-06',NULL,NULL,'staff/avatar/2125.jpg',NULL),(363,'Mary Carina','Garnica Oporto',1,'3145849','cba',NULL,'1969-01-12',1,'2014-01-06',NULL,NULL,'staff/avatar/2121.jpg',NULL),(364,'Jorge','Guardia Arias',1,'2865402','cba',NULL,'1952-08-23',1,'2014-01-06',NULL,NULL,'staff/avatar/212.jpg',NULL),(365,'Ricardo Enrique','Martinez Franco',1,'4449932','cba',NULL,'1980-05-04',1,'2014-01-06',NULL,NULL,'staff/avatar/2117.jpg',NULL),(366,'Edwin','Chile Chuca',1,'4520355','cba',NULL,'1974-06-08',1,'2014-01-06',NULL,NULL,'staff/avatar/2113.jpg',NULL),(367,'Jackeline','Peña Tellez',1,'3747799','cba',NULL,'1972-07-28',1,'2014-01-06',NULL,NULL,'staff/avatar/2110.jpg',NULL),(368,'Rafael Luis','Gonzalez Alfaro',1,'3027981','cba',NULL,'1960-05-29',1,'2014-01-06',NULL,NULL,'staff/avatar/211.jpg',NULL),(369,'Carla Nelida','Maldonado Callao',1,'4422869','cba',NULL,'1980-02-02',1,'2014-01-06',NULL,NULL,'staff/avatar/2109.jpg',NULL),(370,'Mario','Choque Escalera',1,'4468395','cba',NULL,'1974-12-28',1,'2014-01-06',NULL,NULL,'staff/avatar/2106.jpg',NULL),(371,'Rosemary Claudia','Sejas Garcia',1,'3606160','cba',NULL,'1979-10-12',1,'2014-01-06',NULL,NULL,'staff/avatar/2105.jpg',NULL),(372,'Castillo Daniel','Zelada Del',1,'3790100','cba',NULL,'1980-11-17',1,'2014-01-06',NULL,NULL,'staff/avatar/2104.jpg',NULL),(373,'Edy','Reyes Rojas',1,'4509634','cba',NULL,'1980-08-07',1,'2014-01-06',NULL,NULL,'staff/avatar/2103.jpg',NULL),(374,'Luis Osvaldo','Monroy Vargas',1,'5182996','cba',NULL,'1980-08-31',1,'2014-01-06',NULL,NULL,'staff/avatar/2101.jpg',NULL),(375,'Ruth','Fiorilo Zambrana',1,'2882590','cba',NULL,'1961-02-19',1,'2014-01-06',NULL,NULL,'staff/avatar/2092.jpg',NULL),(376,'Kelma Karina','Garcia Vallejos',1,'3750570','cba',NULL,'1975-12-15',1,'2014-01-06',NULL,NULL,'staff/avatar/2091.jpg',NULL),(377,'Vladimir','Vera Ferrel',1,'4508494','cba',NULL,'1976-01-11',1,'2014-01-06',NULL,NULL,'staff/avatar/2089.jpg',NULL),(378,'David','Vargas Mamani',1,'4503017','cba',NULL,'1974-02-28',1,'2014-01-06',NULL,NULL,'staff/avatar/2088.jpg',NULL),(379,'Daniel Arturo','Zabalaga Cadima',1,'5211012','cba',NULL,'1984-09-01',1,'2014-01-06',NULL,NULL,'staff/avatar/2085.jpg',NULL),(380,'Mauricio Samuel','Arce Cardozo',1,'4531111','cba',NULL,'1978-09-16',1,'2014-01-06',NULL,NULL,'staff/avatar/2083.jpg',NULL),(381,'Veronica Beatriz','Guzman Morales',1,'5187866','cba',NULL,'1984-04-06',1,'2014-01-06',NULL,NULL,'staff/avatar/2082.jpg',NULL),(382,'Adalid Marcos','Vega Teran',1,'3754789','cba',NULL,'1971-05-19',1,'2014-01-06',NULL,NULL,'staff/avatar/2081.jpg',NULL),(383,'Randolph Jorge','Jordan Almaraz',1,'4536687','cba',NULL,'1978-08-09',1,'2014-01-06',NULL,NULL,'staff/avatar/2078.jpg',NULL),(384,'Edgar Jhonny','Herbas Valle',1,'3577425','cba',NULL,'1966-01-19',1,'2014-01-06',NULL,NULL,'staff/avatar/2077.jpg',NULL),(385,'Alex Mario','Romano Mercado',1,'3011348','cba',NULL,'1966-09-12',1,'2014-01-06',NULL,NULL,'staff/avatar/2076.jpg',NULL),(386,'Aldo','Muñoz Oilos',1,'3789603','cba',NULL,'1979-12-26',1,'2014-01-06',NULL,NULL,'staff/avatar/2073.jpg',NULL),(387,'Karina Lorena','Arandia Spiaggi',1,'5160333','cba',NULL,'1977-09-06',1,'2014-01-06',NULL,NULL,'staff/avatar/2071.jpg',NULL),(388,'Jimena Patricia','Arce Quiroga',1,'970417','cba',NULL,'1960-03-05',1,'2014-01-06',NULL,NULL,'staff/avatar/207.jpg',NULL),(389,'Fidel','Tola Gomez',1,'2393903','lpz',NULL,'1962-04-24',1,'2014-01-06',NULL,NULL,'staff/avatar/2069.jpg',NULL),(390,'Marco Antonio','Caballero Salinas',1,'3144842','cba',NULL,'1973-10-18',1,'2014-01-06',NULL,NULL,'staff/avatar/2068.jpg',NULL),(391,'Zdenka Dubeisa','Castillo Ortuño',1,'3791805','cba',NULL,'1974-04-04',1,'2014-01-06',NULL,NULL,'staff/avatar/2067.jpg',NULL),(392,'Hugo Veimar','Torrico Torrez',1,'4457705','cba',NULL,'1976-06-20',1,'2014-01-06',NULL,NULL,'staff/avatar/2066.jpg',NULL),(393,'Naira Eliana','Castellon Moron',1,'3762573','cba',NULL,'1973-06-01',1,'2014-01-06',NULL,NULL,'staff/avatar/2065.jpg',NULL),(394,'Juan Francisco','Quiroga Troche',1,'6413496','cba',NULL,'1983-12-02',1,'2014-01-06',NULL,NULL,'staff/avatar/2064.jpg',NULL),(395,'Mario Gonzalo','Arevalo Alarcon',1,'3815353','cba',NULL,'1973-07-23',1,'2014-01-06',NULL,NULL,'staff/avatar/2063.jpg',NULL),(396,'Lisbet Nahe','Cardenas Aguila',1,'4413710','cba',NULL,'1976-04-19',1,'2014-01-06',NULL,NULL,'staff/avatar/2062.jpg',NULL),(397,'Reynaldo','Quispe Sanchez',1,'5202520','cba',NULL,'1981-11-01',1,'2014-01-06',NULL,NULL,'staff/avatar/2061.jpg',NULL),(398,'Herminia','Vallejos Cotrina',1,'3771478','cba',NULL,'1970-07-07',1,'2014-01-06',NULL,NULL,'staff/avatar/2060.jpg',NULL),(399,'Jose Manuel','Hinojosa Aguilar',1,'814888','cba',NULL,'1952-03-23',1,'2014-01-06',NULL,NULL,'staff/avatar/206.jpg',NULL),(400,'Olivia Veronica','Fernandez Eterovic',1,'4454623','cba',NULL,'1983-07-14',1,'2014-01-06',NULL,NULL,'staff/avatar/2058.jpg',NULL),(401,'Roger','Guzman Cartagena',1,'4514158','cba',NULL,'1977-11-10',1,'2014-01-06',NULL,NULL,'staff/avatar/2057.jpg',NULL),(402,'Ingrid Silvana','Lopez Quiroga',1,'5298452','cba',NULL,'1982-12-31',1,'2014-01-06',NULL,NULL,'staff/avatar/2056.jpg',NULL),(403,'Lilian','Cabrera Nogales',1,'3789262','cba',NULL,'1977-05-06',1,'2014-01-06',NULL,NULL,'staff/avatar/2055.jpg',NULL),(404,'Carla Veronica','Perez Zalles',1,'4537602','cba',NULL,'1978-06-12',1,'2014-01-06',NULL,NULL,'staff/avatar/2051.jpg',NULL),(405,'Socrates Homero','Brañez Araoz',1,'3728478','cba',NULL,'1972-03-11',1,'2014-01-06',NULL,NULL,'staff/avatar/205.jpg',NULL),(406,'Silvia Roxana','Fernandez Quiroga',1,'3607251','cba',NULL,'1968-09-25',1,'2014-01-06',NULL,NULL,'staff/avatar/2046.jpg',NULL),(407,'Joanathan Stitt','Oropeza Lora',1,'6401245','cba',NULL,'1984-10-02',1,'2014-01-06',NULL,NULL,'staff/avatar/2043.jpg',NULL),(408,'Ruth Elisa','Peñaloza Villena',1,'1317791','pts',NULL,'1960-11-15',1,'2014-01-06',NULL,NULL,'staff/avatar/2042.jpg',NULL),(409,'Claudia Liliana','Garcia Badani',1,'3733715','cba',NULL,'1976-05-08',1,'2014-01-06',NULL,NULL,'staff/avatar/2041.jpg',NULL),(410,'Marcelo Alvaro','Vasquez Torrez',1,'5275616','cba',NULL,'1983-02-20',1,'2014-01-06',NULL,NULL,'staff/avatar/2035.jpg',NULL),(411,'Jimmy','Gonzales Torrico',1,'4431786','cba',NULL,'1978-02-16',1,'2014-01-06',NULL,NULL,'staff/avatar/2034.jpg',NULL),(412,'Ines Marcela','Aguilar Bayer',1,'3789905','cba',NULL,'1974-02-02',1,'2014-01-06',NULL,NULL,'staff/avatar/2032.jpg',NULL),(413,'Jose Maria','Dorado Rivero',1,'4529920','cba',NULL,'1979-07-29',1,'2014-01-06',NULL,NULL,'staff/avatar/2028.jpg',NULL),(414,'Villma Yolanda','Teran Alegre',1,'3616462','cba',NULL,'1970-02-19',1,'2014-01-06',NULL,NULL,'staff/avatar/2021.jpg',NULL),(415,'Maria Rosa','Urey Salinas',1,'977220','cba',NULL,'1960-09-28',1,'2014-01-06',NULL,NULL,'staff/avatar/202.jpg',NULL),(416,'Hans Kevin','Ojeda Vargas',1,'5160825','cba',NULL,'1980-10-07',1,'2014-01-06',NULL,NULL,'staff/avatar/2019.jpg',NULL),(417,'Hugo Alberto','Morales Iriarte',1,'1839270','trj',NULL,'1959-02-26',1,'2014-01-06',NULL,NULL,'staff/avatar/2018.jpg',NULL),(418,'Daniel','Novillo Melgares',1,'5908661','cba',NULL,'1984-01-29',1,'2014-01-06',NULL,NULL,'staff/avatar/2017.jpg',NULL),(419,'Guery Gustavo','Torrico Corrales',1,'2882301','cba',NULL,'1977-10-25',1,'2014-01-06',NULL,NULL,'staff/avatar/2013.jpg',NULL),(420,'Jose','Rojas Campero',1,'5207155','cba',NULL,'1980-11-18',1,'2014-01-06',NULL,NULL,'staff/avatar/2011.jpg',NULL),(421,'Israel Eugenio','Osinaga Lopez',1,'5203316','cba',NULL,'1979-12-04',1,'2014-01-06',NULL,NULL,'staff/avatar/2010.jpg',NULL),(422,'Maria del','Perez Canedo',1,'3048028','oru',NULL,'1964-05-18',1,'2014-01-06',NULL,NULL,'staff/avatar/201.jpg',NULL),(423,'Edwing Luis','Villarroel Garay',1,'3149955','cba',NULL,'1962-08-25',1,'2014-01-06',NULL,NULL,'staff/avatar/2007.jpg',NULL),(424,'Paola Andrea','Gutierrez Pantoja',1,'3621581','cba',NULL,'1980-04-08',1,'2014-01-06',NULL,NULL,'staff/avatar/2006.jpg',NULL),(425,'Cesar Raul','Velasquez Claure',1,'4300146','lpz',NULL,'1967-03-02',1,'2014-01-06',NULL,NULL,'staff/avatar/2004.jpg',NULL),(426,'Danny Daniel','Quiroz Cordova',1,'4468671','cba',NULL,'1975-01-05',1,'2014-01-06',NULL,NULL,'staff/avatar/2003.jpg',NULL),(427,'Oscar','Rodriguez Avila',1,'4411791','cba',NULL,'1970-11-26',1,'2014-01-06',NULL,NULL,'staff/avatar/2001.jpg',NULL),(428,'Hernan Arturo','Sempertegui Roca',1,'3120097','cba',NULL,'1980-11-10',1,'2014-01-06',NULL,NULL,'staff/avatar/1999.jpg',NULL),(429,'Miguel Angel','Gil Rojas',1,'3599161','cba',NULL,'1966-10-29',1,'2014-01-06',NULL,NULL,'staff/avatar/1998.jpg',NULL),(430,'Villarroel Victor','Paz Soldan',1,'3721467','cba',NULL,'1968-08-09',1,'2014-01-06',NULL,NULL,'staff/avatar/1996.jpg',NULL),(431,'Epifanio','Camacho Herbas',1,'3592622','cba',NULL,'1968-06-20',1,'2014-01-06',NULL,NULL,'staff/avatar/1995.jpg',NULL),(432,'Alan Rolando','Rodriguez Prado',1,'4532824','cba',NULL,'1979-04-16',1,'2014-01-06',NULL,NULL,'staff/avatar/1993.jpg',NULL),(433,'Gonzalo','Sierra Paricagua',1,'3012489','cba',NULL,'1963-03-09',1,'2014-01-06',NULL,NULL,'staff/avatar/1992.jpg',NULL),(434,'Richard','Arnez Cadima',1,'3597908','cba',NULL,'1981-01-24',1,'2014-01-06',NULL,NULL,'staff/avatar/1990.jpg',NULL),(435,'Justo Johnny','Sejas Grageda',1,'3144317','cba',NULL,'1965-07-19',1,'2014-01-06',NULL,NULL,'staff/avatar/1988.jpg',NULL),(436,'la Zerda','Aguilar De',1,'3750970','cba',NULL,'1971-11-21',1,'2014-01-06',NULL,NULL,'staff/avatar/1987.jpg',NULL),(437,'Cicely Genoveva','Zambrana Montaño',1,'5279071','cba',NULL,'1981-09-19',1,'2014-01-06',NULL,NULL,'staff/avatar/1985.jpg',NULL),(438,'Luz Rosario','Peñaloza Saravia',1,'950145','cba',NULL,'1958-10-08',1,'2014-01-06',NULL,NULL,'staff/avatar/1976.jpg',NULL),(439,'Osvaldo','Jare Romero',1,'5211934','cba',NULL,'1976-07-12',1,'2014-01-06',NULL,NULL,'staff/avatar/1974.jpg',NULL),(440,'Ariel','Choquecallata Villca',1,'5270999','cba',NULL,'1984-07-15',1,'2014-01-06',NULL,NULL,'staff/avatar/1972.jpg',NULL),(441,'German','Camacho Sejas',1,'799851','cba',NULL,'1953-07-07',1,'2014-01-06',NULL,NULL,'staff/avatar/1968.jpg',NULL),(442,'la Zerda','Montenegro De',1,'3152800','cba',NULL,'1967-01-18',1,'2014-01-06',NULL,NULL,'staff/avatar/1967.jpg',NULL),(443,'Maria Teresa','Guzman Melgar',1,'3572082','cba',NULL,'1972-10-23',1,'2014-01-06',NULL,NULL,'staff/avatar/1966.jpg',NULL),(444,'Marcela Fany','Nattes Aldana',1,'3794572','cba',NULL,'1973-01-18',1,'2014-01-06',NULL,NULL,'staff/avatar/1965.jpg',NULL),(445,'Alex Gary','Rioja Montaño',1,'3727741','cba',NULL,'1969-06-14',1,'2014-01-06',NULL,NULL,'staff/avatar/1959.jpg',NULL),(446,'Filiberto','Claros Torrico',1,'968154','cba',NULL,'1956-08-22',1,'2014-01-06',NULL,NULL,'staff/avatar/1950.jpg',NULL),(447,'Fernando','Sarmiento Luis',1,'4404873','-',NULL,'1975-02-06',1,'2014-01-06',NULL,NULL,'staff/avatar/1946.jpg',NULL),(448,'Patricia Wilma','Cartagena Carmona',1,'5193328','cba',NULL,'1980-09-21',1,'2014-01-06',NULL,NULL,'staff/avatar/1944.jpg',NULL),(449,'Victor Hugo','Llanos Andia',1,'3024865','cba',NULL,'1964-07-28',1,'2014-01-06',NULL,NULL,'staff/avatar/1943.jpg',NULL),(450,'Raquel Patricia','Zapata Maldonado',1,'3618571','cba',NULL,'1979-08-30',1,'2014-01-06',NULL,NULL,'staff/avatar/1942.jpg',NULL),(451,'Analia','Roldan Ortiz',1,'5155176','cba',NULL,'1979-08-02',1,'2014-01-06',NULL,NULL,'staff/avatar/1940.jpg',NULL),(452,'Juan Carlos','Gonzales Garcia',1,'4510216','cba',NULL,'1976-04-16',1,'2014-01-06',NULL,NULL,'staff/avatar/1939.jpg',NULL),(453,'Maria Eugenia','Borda Coca',1,'2890469','cba',NULL,'1961-01-06',1,'2014-01-06',NULL,NULL,'staff/avatar/1937.jpg',NULL),(454,'Delia Gisela','Rioja Aguilar',1,'3151014','cba',NULL,'1979-06-16',1,'2014-01-06',NULL,NULL,'staff/avatar/1936.jpg',NULL),(455,'Alvaro Giuliano','Corminales Cueto',1,'4000067','pts',NULL,'1977-07-06',1,'2014-01-06',NULL,NULL,'staff/avatar/1935.jpg',NULL),(456,'Kathia Escarlem','Claros Zelada',1,'3757170','cba',NULL,'1976-10-09',1,'2014-01-06',NULL,NULL,'staff/avatar/1934.jpg',NULL),(457,'Mitchell Alvaro','Arnez Gonzales',1,'3575925','cba',NULL,'1966-06-08',1,'2014-01-06',NULL,NULL,'staff/avatar/1928.jpg',NULL),(458,'Arlenia Juana','Rodriguez Flores',1,'6406389','cba',NULL,'1982-06-04',1,'2014-01-06',NULL,NULL,'staff/avatar/1926.jpg',NULL),(459,'Larry','Flores Vargas',1,'3021196','cba',NULL,'1964-12-11',1,'2014-01-06',NULL,NULL,'staff/avatar/1925.jpg',NULL),(460,'Leandro','Quispe Mamani',1,'4251692','cba',NULL,'1971-03-13',1,'2014-01-06',NULL,NULL,'staff/avatar/1924.jpg',NULL),(461,'Edwin Dante','Rios Claros',1,'2900224','cba',NULL,'1962-05-05',1,'2014-01-06',NULL,NULL,'staff/avatar/1923.jpg',NULL),(462,'Jose Antonio','Medina Iriarte',1,'3612081','cba',NULL,'1970-05-06',1,'2014-01-06',NULL,NULL,'staff/avatar/1917.jpg',NULL),(463,'Susana','Sanzetenea Poppe',1,'3729430','cba',NULL,'1975-10-09',1,'2014-01-06',NULL,NULL,'staff/avatar/1915.jpg',NULL),(464,'Dimelza Aracely','Hernany Aguilar',1,'3447567','lpz',NULL,'1981-05-28',1,'2014-01-06',NULL,NULL,'staff/avatar/1914.jpg',NULL),(465,'Naira Fabiola','Zambrana Aldunate',1,'3756504','cba',NULL,'1981-12-29',1,'2014-01-06',NULL,NULL,'staff/avatar/1912.jpg',NULL),(466,'Red','Burke Cordero',1,'3029182','cba',NULL,'1956-08-10',1,'2014-01-06',NULL,NULL,'staff/avatar/1911.jpg',NULL),(467,'Vanesa Karina','Vargas Fernandez',1,'6422313','cba',NULL,'1981-07-18',1,'2014-01-06',NULL,NULL,'staff/avatar/1910.jpg',NULL),(468,'Narel Gabriela','Villarroel Mayorga',1,'4534814','cba',NULL,'1979-07-08',1,'2014-01-06',NULL,NULL,'staff/avatar/1907.jpg',NULL),(469,'Maria Luz','Ramirez Merida',1,'3264737','scz',NULL,'1978-11-01',1,'2014-01-06',NULL,NULL,'staff/avatar/1903.jpg',NULL),(470,'Dussa','Montecinos Pardo',1,'5200027','cba',NULL,'1980-12-15',1,'2014-01-06',NULL,NULL,'staff/avatar/1902.jpg',NULL),(471,'Marcelo Edwin','Jaldin Perez',1,'3753213','cba',NULL,'1970-10-08',1,'2014-01-06',NULL,NULL,'staff/avatar/1901.jpg',NULL),(472,'Luis Marcelo','Muñoz Aranguren',1,'3156945','cba',NULL,'1977-06-01',1,'2014-01-06',NULL,NULL,'staff/avatar/1900.jpg',NULL),(473,'Susy Martha','Cruz Mita',1,'6536692','cba',NULL,'1974-08-11',1,'2014-01-06',NULL,NULL,'staff/avatar/1897.jpg',NULL),(474,'Nancy Martha','Mamani Quispe',1,'4525849','cba',NULL,'1979-02-23',1,'2014-01-06',NULL,NULL,'staff/avatar/1895.jpg',NULL),(475,'Juan Carlos','Zambrana España',1,'3780490','cba',NULL,'1972-12-29',1,'2014-01-06',NULL,NULL,'staff/avatar/1893.jpg',NULL),(476,'Miriam Eugenia','Aguilar Espinoza',1,'3133083','cba',NULL,'1964-12-30',1,'2014-01-06',NULL,NULL,'staff/avatar/1892.jpg',NULL),(477,'Edgar Alberto','Flores Cuenca',1,'3742922','cba',NULL,'1969-08-07',1,'2014-01-06',NULL,NULL,'staff/avatar/1891.jpg',NULL),(478,'Angel Sarian','Mendoza Reynaga',1,'3816008','cba',NULL,'1974-09-17',1,'2014-01-06',NULL,NULL,'staff/avatar/1890.jpg',NULL),(479,'Edgar Ruben','Candia Zurita',1,'3753082','cba',NULL,'1970-04-25',1,'2014-01-06',NULL,NULL,'images/default_avatar.png',NULL),(480,'Miroslava Jeancarla','Torrico Torres',1,'3622192','cba',NULL,'1974-03-22',1,'2014-01-06',NULL,NULL,'staff/avatar/1888.jpg',NULL),(481,'Patricia Scarley','Ruiz Barbery',1,'3578588','cba',NULL,'1971-01-04',1,'2014-01-06',NULL,NULL,'staff/avatar/1887.jpg',NULL),(482,'Marlene Elizabeth','Tapia Roldan',1,'3582406','cba',NULL,'1968-01-11',1,'2014-01-06',NULL,NULL,'staff/avatar/1886.jpg',NULL),(483,'Norma Esther','Abdala Iriarte',1,'997462','cba',NULL,'1961-05-10',1,'2014-01-06',NULL,NULL,'staff/avatar/1885.jpg',NULL),(484,'Veronica','Siles Rodriguez',1,'4508004','cba',NULL,'1978-01-10',1,'2014-01-06',NULL,NULL,'staff/avatar/1884.jpg',NULL),(485,'Miguel Angel','Lizarazu Candano',1,'4394601','cba',NULL,'1979-01-04',1,'2014-01-06',NULL,NULL,'staff/avatar/1883.jpg',NULL),(486,'Maria Rosmery','Santos Jimenez',1,'3867111','scz',NULL,'1977-03-18',1,'2014-01-06',NULL,NULL,'staff/avatar/1882.jpg',NULL),(487,'Jackeline Carolina','Camacho Gamboa',1,'5220660','cba',NULL,'1981-04-22',1,'2014-01-06',NULL,NULL,'staff/avatar/1881.jpg',NULL),(488,'Luis Juan','Garcia Mendoza',1,'957602','cba',NULL,'1954-11-05',1,'2014-01-06',NULL,NULL,'staff/avatar/1880.jpg',NULL),(489,'Ronald Franz','Ledezma Vargas',1,'3007397','cba',NULL,'1962-08-10',1,'2014-01-06',NULL,NULL,'staff/avatar/1878.jpg',NULL),(490,'Edwin','Flores Sanchez',1,'6450722','oru',NULL,'1984-01-18',1,'2014-01-06',NULL,NULL,'staff/avatar/1877.jpg',NULL),(491,'Gabriel','Terrazas Montero',1,'3249028','scz',NULL,'1966-03-09',1,'2014-01-06',NULL,NULL,'staff/avatar/1876.jpg',NULL),(492,'Jorge Luis','Cossio Caceres',1,'3157765','cba',NULL,'1969-05-01',1,'2014-01-06',NULL,NULL,'staff/avatar/1875.jpg',NULL),(493,'Rafael Rolando','Prudencio Briancon',1,'3025816','cba',NULL,'1966-09-18',1,'2014-01-06',NULL,NULL,'images/default_avatar.png',NULL),(494,'Patricia Vivian','Tito Pardo',1,'5151437','cba',NULL,'1979-07-26',1,'2014-01-06',NULL,NULL,'staff/avatar/1871.jpg',NULL),(495,'Miguel Jheyson','Ayala Barrionuevo',1,'4462712','cba',NULL,'1980-11-14',1,'2014-01-06',NULL,NULL,'staff/avatar/1870.jpg',NULL),(496,'Freddy','Perez Ortega',1,'5251793','cba',NULL,'1977-06-04',1,'2014-01-06',NULL,NULL,'staff/avatar/1869.jpg',NULL),(497,'Wilber Jesus','Valdez Herrera',1,'5175897','cba',NULL,'1977-10-15',1,'2014-01-06',NULL,NULL,'staff/avatar/1868.jpg',NULL),(498,'Carlos Ismael','Camacho Hinojosa',1,'3807386','cba',NULL,'1973-06-04',1,'2014-01-06',NULL,NULL,'staff/avatar/1865.jpg',NULL),(499,'Erick Alejandro','Soria Garcia',1,'3570116','cba',NULL,'1969-12-27',1,'2014-01-06',NULL,NULL,'staff/avatar/1864.jpg',NULL),(500,'Maria Cecilia','Chavez Subieta',1,'3751636','cba',NULL,'1972-04-10',1,'2014-01-06',NULL,NULL,'staff/avatar/1863.jpg',NULL),(501,'Franklin Rolando','Urquidi Aponte',1,'5287536','cba',NULL,'1982-12-21',1,'2014-01-06',NULL,NULL,'staff/avatar/1862.jpg',NULL),(502,'Nelio Jhovani','Aranibar Taquichiri',1,'4469534','cba',NULL,'1977-08-02',1,'2014-01-06',NULL,NULL,'staff/avatar/1860.jpg',NULL),(503,'Enrique Miguel','Torrico Foronda',1,'3755444','cba',NULL,'1973-03-29',1,'2014-01-06',NULL,NULL,'images/default_avatar.png',NULL),(504,'Rene Edgar','Alborta Siles',1,'960963','cba',NULL,'1957-07-14',1,'2014-01-06',NULL,NULL,'staff/avatar/1857.jpg',NULL),(505,'Arturo Osvaldo','Valenzuela Montaño',1,'950479','cba',NULL,'1959-03-07',1,'2014-01-06',NULL,NULL,'staff/avatar/1856.jpg',NULL),(506,'Carla Giovanna','Gamboa Marquez',1,'3815929','cba',NULL,'1975-03-15',1,'2014-01-06',NULL,NULL,'staff/avatar/1855.jpg',NULL),(507,'Viviana Margaret','Meruvia Jimenez',1,'3794551','cba',NULL,'1973-08-12',1,'2014-01-06',NULL,NULL,'staff/avatar/1854.jpg',NULL),(508,'Denisse Paola','Salces Mercado',1,'4483729','cba',NULL,'1982-08-20',1,'2014-01-06',NULL,NULL,'staff/avatar/1853.jpg',NULL),(509,'Valentin','Jora Ramos',1,'3012429','cba',NULL,'1955-02-14',1,'2014-01-06',NULL,NULL,'images/default_avatar.png',NULL),(510,'German','Garcia Camacho',1,'961005','cba',NULL,'1949-05-12',1,'2014-01-06',NULL,NULL,'images/default_avatar.png',NULL),(511,'Jorge Fernando','Montaño Gandarillas',1,'3612134','cba',NULL,'1970-05-24',1,'2014-01-06',NULL,NULL,'staff/avatar/1841.jpg',NULL),(512,'Milko Vladimir','Iriarte Chavez',1,'3007080','cba',NULL,'1962-09-12',1,'2014-01-06',NULL,NULL,'staff/avatar/1839.jpg',NULL),(513,'Jannette Miriam','Castillo Llanke',1,'4469796','cba',NULL,'1973-09-22',1,'2014-01-06',NULL,NULL,'staff/avatar/1823.jpg',NULL),(514,'Yasmany Miguel','Hinojosa Espinoza',1,'5198724','cba',NULL,'1979-11-22',1,'2014-01-06',NULL,NULL,'staff/avatar/1819.jpg',NULL),(515,'Eddie Alfredo','Lazarte Villarroel',1,'5269302','cba',NULL,'1981-11-28',1,'2014-01-06',NULL,NULL,'staff/avatar/1816.jpg',NULL),(516,'Harold Wilson','Arriaran Heredia',1,'3878097','scz',NULL,'1974-08-01',1,'2014-01-06',NULL,NULL,'staff/avatar/1815.jpg',NULL),(517,'Edson Fernando','Condori Guzman',1,'4456177','cba',NULL,'1977-08-02',1,'2014-01-06',NULL,NULL,'staff/avatar/1812.jpg',NULL),(518,'Franz Ramiro','Delgadillo Lopez',1,'3879051','cba',NULL,'1971-05-04',1,'2014-01-06',NULL,NULL,'staff/avatar/1811.jpg',NULL),(519,'Cristhian Ariel','Roldan Ortiz',1,'5287910','cba',NULL,'1982-02-15',1,'2014-01-06',NULL,NULL,'staff/avatar/1809.jpg',NULL),(520,'Caceres Angel','Santa Cruz',1,'4450479','cba',NULL,'1974-05-06',1,'2014-01-06',NULL,NULL,'staff/avatar/1802.jpg',NULL),(521,'Carlos','Saravia Lizarazu',1,'989284','cba',NULL,'1959-03-28',1,'2014-01-06',NULL,NULL,'staff/avatar/1800.jpg',NULL),(522,'Carla Nayra','Mendez Villalba',1,'3731404','cba',NULL,'1981-08-07',1,'2014-01-06',NULL,NULL,'staff/avatar/1797.jpg',NULL),(523,'Roberto','Calle Rodolfo',1,'4777630','lpz',NULL,'1978-04-17',1,'2014-01-06',NULL,NULL,'staff/avatar/1787.jpg',NULL),(524,'Hugo Daniel','Rios Valdivia',1,'4511117','cba',NULL,'1976-09-17',1,'2014-01-06',NULL,NULL,'staff/avatar/1786.jpg',NULL),(525,'Lucio','Vasquez Aguilar',1,'3107898','oru',NULL,'1966-10-03',1,'2014-01-06',NULL,NULL,'staff/avatar/1785.jpg',NULL),(526,'Felix','Montaño Quispe',1,'3033088','cba',NULL,'1960-11-21',1,'2014-01-06',NULL,NULL,'staff/avatar/1784.jpg',NULL),(527,'Socrates','Ledezma Orellana',1,'4430128','cba',NULL,'1973-04-17',1,'2014-01-06',NULL,NULL,'staff/avatar/1781.jpg',NULL),(528,'Sadrac','Velasquez Suarez',1,'1681679','ben',NULL,'1971-06-06',1,'2014-01-06',NULL,NULL,'staff/avatar/1779.jpg',NULL),(529,'Elvin Hebers','Veizaga Rojas',1,'4835970','lpz',NULL,'1979-01-21',1,'2014-01-06',NULL,NULL,'staff/avatar/1778.jpg',NULL),(530,'Yuri Edilberto','Vargas Galarza',1,'3144706','cba',NULL,'1965-02-24',1,'2014-01-06',NULL,NULL,'staff/avatar/1777.jpg',NULL),(531,'Oscar Marcelo','Torrico Oporto',1,'5153892','cba',NULL,'1978-11-13',1,'2014-01-06',NULL,NULL,'staff/avatar/1776.jpg',NULL),(532,'Egberto Braulio','Ramirez Quispe',1,'4502550','cba',NULL,'1971-06-30',1,'2014-01-06',NULL,NULL,'staff/avatar/1775.jpg',NULL),(533,'Carlos','Paredes Juan',1,'5208896','cba',NULL,'1980-11-25',1,'2014-01-06',NULL,NULL,'staff/avatar/1774.jpg',NULL),(534,'Jimmy Carlos','Orellana Quiroz',1,'5152439','cba',NULL,'1977-09-25',1,'2014-01-06',NULL,NULL,'staff/avatar/1773.jpg',NULL),(535,'Fernando','Orellana Alvarez',1,'5204791','cba',NULL,'1976-12-24',1,'2014-01-06',NULL,NULL,'staff/avatar/1772.jpg',NULL),(536,'Nick Amed','Mustafa Montes',1,'3624165','cba',NULL,'1969-09-06',1,'2014-01-06',NULL,NULL,'staff/avatar/1771.jpg',NULL),(537,'Jorge','Morales Hidalgo',1,'3620218','cba',NULL,'1968-01-05',1,'2014-01-06',NULL,NULL,'staff/avatar/1770.jpg',NULL),(538,'Walter Armando','Mercado Cespedes',1,'4471713','cba',NULL,'1976-07-18',1,'2014-01-06',NULL,NULL,'staff/avatar/1769.jpg',NULL),(539,'Gilber David','Herbas Ferrel',1,'927026','cba',NULL,'1953-08-08',1,'2014-01-06',NULL,NULL,'staff/avatar/1766.jpg',NULL),(540,'Ignacio Cesar','Espindola Guerra',1,'3611711','cba',NULL,'1971-07-31',1,'2014-01-06',NULL,NULL,'staff/avatar/1765.jpg',NULL),(541,'Guillermo Erick','Bazoalto Garcia',1,'3757315','cba',NULL,'1974-12-24',1,'2014-01-06',NULL,NULL,'staff/avatar/1763.jpg',NULL),(542,'Angel Jesus','Tomense Trujillo',1,'1914041','cba',NULL,'1973-08-02',1,'2014-01-06',NULL,NULL,'staff/avatar/1762.jpg',NULL),(543,'Miguel Angel','Salvatierra Guzman',1,'3732237','cba',NULL,'1976-07-10',1,'2014-01-06',NULL,NULL,'staff/avatar/1761.jpg',NULL),(544,'Raul Antenor','Rojas Ortiz',1,'3800939','cba',NULL,'1974-09-24',1,'2014-01-06',NULL,NULL,'staff/avatar/1760.jpg',NULL),(545,'Jose Joaquin','Revollo Pozo',1,'3780547','cba',NULL,'1970-03-20',1,'2014-01-06',NULL,NULL,'staff/avatar/1759.jpg',NULL),(546,'Victor Fernando','Mariscal Castro',1,'3120970','cba',NULL,'1956-11-14',1,'2014-01-06',NULL,NULL,'staff/avatar/1758.jpg',NULL),(547,'Tomas','Lacato Plaz',1,'3624197','cba',NULL,'1967-03-07',1,'2014-01-06',NULL,NULL,'staff/avatar/1757.jpg',NULL),(548,'Zacarias Fernando','Nava Otalora',1,'4402429','cba',NULL,'1971-06-11',1,'2014-01-06',NULL,NULL,'staff/avatar/1756.jpg',NULL),(549,'Carlos','Camacho Tapia',1,'3025994','cba',NULL,'1968-11-10',1,'2014-01-06',NULL,NULL,'staff/avatar/1754.jpg',NULL),(550,'David Jose','Lopez Montaño',1,'5159399','cba',NULL,'1979-09-06',1,'2014-01-06',NULL,NULL,'staff/avatar/1753.jpg',NULL),(551,'Marlene Elit','Normand Barron',1,'3056366','oru',NULL,'1978-08-21',1,'2014-01-06',NULL,NULL,'staff/avatar/1720.jpg',NULL),(552,'Virginia Narda','Aranibar Urquieta',1,'2475059','lpz',NULL,'1965-03-19',1,'2014-01-06',NULL,NULL,'staff/avatar/1716.jpg',NULL),(553,'Zilka Nadezda','Morales Zabaleta',1,'4532428','cba',NULL,'1979-03-19',1,'2014-01-06',NULL,NULL,'staff/avatar/1715.jpg',NULL),(554,'Jheny Rosmery','Alanoca Quispe',1,'4414153','cba',NULL,'1977-07-16',1,'2014-01-06',NULL,NULL,'staff/avatar/1714.jpg',NULL),(555,'Susy Nayma','Aranibar Cartagena',1,'672693','oru',NULL,'1957-08-11',1,'2014-01-06',NULL,NULL,'staff/avatar/1713.jpg',NULL),(556,'Franklin Eduardo','Torrico Veizaga',1,'4418370','cba',NULL,'1974-04-02',1,'2014-01-06',NULL,NULL,'staff/avatar/1710.jpg',NULL),(557,'Luis Gualberto','Crespo Garcia',1,'837159','cba',NULL,'1956-06-11',1,'2014-01-06',NULL,NULL,'staff/avatar/1706.jpg',NULL),(558,'Carlos Humberto','Claros Rojas',1,'4509532','cba',NULL,'1978-01-23',1,'2014-01-06',NULL,NULL,'staff/avatar/1703.jpg',NULL),(559,'Prudencio','Jaldin Galindo',1,'5209175','cba',NULL,'1978-01-21',1,'2014-01-06',NULL,NULL,'staff/avatar/1701.jpg',NULL),(560,'Jorge Donald','Veneros Bernal',1,'901790','cba',NULL,'1959-04-23',1,'2014-01-06',NULL,NULL,'staff/avatar/1700.jpg',NULL),(561,'Marcelo Eduardo','Mijaria Villarroel',1,'3613708','cba',NULL,'1972-07-09',1,'2014-01-06',NULL,NULL,'staff/avatar/1696.jpg',NULL),(562,'Juan Antonio','Ossa Lozada',1,'959880','cba',NULL,'1964-06-27',1,'2014-01-06',NULL,NULL,'staff/avatar/1695.jpg',NULL),(563,'Hector','Albarracin Rodriguez',1,'804456','cba',NULL,'1959-11-15',1,'2014-01-06',NULL,NULL,'staff/avatar/1693.jpg',NULL),(564,'Susana Elsa','Villarroel Pardo',1,'3604328','cba',NULL,'1971-10-28',1,'2014-01-06',NULL,NULL,'staff/avatar/1692.jpg',NULL),(565,'Luis Armando','Lujan Zuazo',1,'4419119','cba',NULL,'1975-05-29',1,'2014-01-06',NULL,NULL,'staff/avatar/1600.jpg',NULL),(566,'Rodrigo','Balderrama Canedo',1,'2906841','cba',NULL,'1978-10-20',1,'2014-01-06',NULL,NULL,'staff/avatar/1596.jpg',NULL),(567,'Jacqueline Roxana','Cueto Veizaga',1,'3134474','cba',NULL,'1965-01-05',1,'2014-01-06',NULL,NULL,'staff/avatar/1594.jpg',NULL),(568,'Carlos Gustavo','Paniagua Melgares',1,'3734235','cba',NULL,'1976-06-18',1,'2014-01-06',NULL,NULL,'staff/avatar/1593.jpg',NULL),(569,'Silvia Janeth','Espinoza Espinoza',1,'4453279','cba',NULL,'1976-09-20',1,'2014-01-06',NULL,NULL,'staff/avatar/1590.jpg',NULL),(570,'Getzy Mayve','Caceres Torrez',1,'3773493','cba',NULL,'1977-06-18',1,'2014-01-06',NULL,NULL,'staff/avatar/1588.jpg',NULL),(571,'Teresa','Ruiz Barbery',1,'4386092','cba',NULL,'1974-12-19',1,'2014-01-06',NULL,NULL,'staff/avatar/1586.jpg',NULL),(572,'Veronica Alison','Castillo Montaño',1,'3797823','cba',NULL,'1977-06-04',1,'2014-01-06',NULL,NULL,'staff/avatar/1585.jpg',NULL),(573,'Jaime Marcelo','Jimenez Escobar',1,'4503231','cba',NULL,'1978-06-23',1,'2014-01-06',NULL,NULL,'staff/avatar/1584.jpg',NULL),(574,'Jose Henry','Torrico Escobar',1,'3034071','cba',NULL,'1968-03-21',1,'2014-01-06',NULL,NULL,'staff/avatar/1583.jpg',NULL),(575,'Oscar Bladimir','Revollo Fernandez',1,'2868708','cba',NULL,'1961-10-03',1,'2014-01-06',NULL,NULL,'staff/avatar/1581.jpg',NULL),(576,'Juan Carlos','Ara Pardo',1,'3036736','cba',NULL,'1964-04-29',1,'2014-01-06',NULL,NULL,'staff/avatar/1579.jpg',NULL),(577,'Jaime Bernardo','Orellana Arandia',1,'3787764','cba',NULL,'1970-05-21',1,'2014-01-06',NULL,NULL,'staff/avatar/1578.jpg',NULL),(578,'Juan Carlos','Escobar Teran',1,'5246330','cba',NULL,'1979-02-07',1,'2014-01-06',NULL,NULL,'staff/avatar/1575.jpg',NULL),(579,'Carla Ninfa','Villanueva Suares',1,'4022097','oru',NULL,'1979-03-16',1,'2014-01-06',NULL,NULL,'staff/avatar/1568.jpg',NULL),(580,'Maria Cesia','Cardozo Tacana',1,'1709095','ben',NULL,'1964-03-12',1,'2014-01-06',NULL,NULL,'staff/avatar/1566.jpg',NULL),(581,'Vilma','Rojas Sandoval',1,'3815235','cba',NULL,'1974-12-01',1,'2014-01-06',NULL,NULL,'staff/avatar/1565.jpg',NULL),(582,'Karina','Gandarillas Guzman',1,'2907193','cba',NULL,'1974-08-31',1,'2014-01-06',NULL,NULL,'staff/avatar/1563.jpg',NULL),(583,'Veronica','Villena Torrez',1,'4418247','cba',NULL,'1980-02-26',1,'2014-01-06',NULL,NULL,'staff/avatar/1560.jpg',NULL),(584,'Tamara','Rodriguez Castellon',1,'985895','cba',NULL,'1972-04-11',1,'2014-01-06',NULL,NULL,'staff/avatar/1558.jpg',NULL),(585,'Gonzalo','Ramos Ureña',1,'4390945','cba',NULL,'1973-11-16',1,'2014-01-06',NULL,NULL,'staff/avatar/1554.jpg',NULL),(586,'Claudia Sofia','Pastor Ferrufino',1,'3568486','cba',NULL,'1980-01-26',1,'2014-01-06',NULL,NULL,'staff/avatar/1553.jpg',NULL),(587,'Miriam del','Canelas Alurralde',1,'3354995','lpz',NULL,'1965-04-14',1,'2014-01-06',NULL,NULL,'staff/avatar/1552.jpg',NULL),(588,'Deysi Norma','Orellana Zeballos',1,'3732352','cba',NULL,'1970-10-28',1,'2014-01-06',NULL,NULL,'staff/avatar/1548.jpg',NULL),(589,'Edda','Vasquez Terceros',1,'3727609','cba',NULL,'1976-07-29',1,'2014-01-06',NULL,NULL,'staff/avatar/1547.jpg',NULL),(590,'Perez Cesar','Santa Cruz',1,'4506068','cba',NULL,'1976-11-05',1,'2014-01-06',NULL,NULL,'staff/avatar/1546.jpg',NULL),(591,'Yerko Beymar','Gomez Lopez',1,'3784847','cba',NULL,'1971-05-01',1,'2014-01-06',NULL,NULL,'staff/avatar/1544.jpg',NULL),(592,'Maria Roxana','Orgaz Mendoza',1,'2868458','cba',NULL,'1960-11-12',1,'2014-01-06',NULL,NULL,'staff/avatar/1542.jpg',NULL),(593,'Gianina','Candia Arabe',1,'3144936','cba',NULL,'1982-06-16',1,'2014-01-06',NULL,NULL,'staff/avatar/1540.jpg',NULL),(594,'Mauricio','Mendoza Canedo',1,'3756865','cba',NULL,'1970-08-06',1,'2014-01-06',NULL,NULL,'staff/avatar/1538.jpg',NULL),(595,'Rhina Elizabeth','Aguilar Antelo',1,'972849','cba',NULL,'1951-01-08',1,'2014-01-06',NULL,NULL,'staff/avatar/1537.jpg',NULL),(596,'Janneth Karina','Rojas Requiz',1,'3773067','cba',NULL,'1973-09-27',1,'2014-01-06',NULL,NULL,'staff/avatar/1535.jpg',NULL),(597,'Jose Luis','Merida Campero',1,'2966953','scz',NULL,'1962-06-01',1,'2014-01-06',NULL,NULL,'staff/avatar/1534.jpg',NULL),(598,'Rosalia','Rivera Aizacayo',1,'5202199','cba',NULL,'1979-05-03',1,'2014-01-06',NULL,NULL,'staff/avatar/1532.jpg',NULL),(599,'Tania Marleny','Garvizu Diaz',1,'3620604','cba',NULL,'1967-04-23',1,'2014-01-06',NULL,NULL,'staff/avatar/1531.jpg',NULL),(600,'Rolando Ismael','Camacho Hayashida',1,'3591919','cba',NULL,'1973-04-27',1,'2014-01-06',NULL,NULL,'staff/avatar/1530.jpg',NULL),(601,'Litzie Eda','Revuelta Villarroel',1,'4385099','cba',NULL,'1976-01-13',1,'2014-01-06',NULL,NULL,'staff/avatar/1525.jpg',NULL),(602,'Sandra Giovanna','Rojas Villarroel',1,'3592838','cba',NULL,'1967-03-09',1,'2014-01-06',NULL,NULL,'staff/avatar/1523.jpg',NULL),(603,'Magaly','Lopez Peredo',1,'3120385','cba',NULL,'1964-10-29',1,'2014-01-06',NULL,NULL,'staff/avatar/1522.jpg',NULL),(604,'Eva','Flores Montaño',1,'5185262','cba',NULL,'1979-06-06',1,'2014-01-06',NULL,NULL,'staff/avatar/1521.jpg',NULL),(605,'Zulma Melina','Cossio Martinez',1,'4420115','cba',NULL,'1974-10-08',1,'2014-01-06',NULL,NULL,'staff/avatar/1520.jpg',NULL),(606,'Janet Rosario','Alcaraz Rodriguez',1,'3024305','cba',NULL,'1965-10-19',1,'2014-01-06',NULL,NULL,'staff/avatar/1519.jpg',NULL),(607,'Ronald Juan','Flores Arandia',1,'2863751','cba',NULL,'1969-04-30',1,'2014-01-06',NULL,NULL,'staff/avatar/1518.jpg',NULL),(608,'Patricia del','Azeñas Gutierrez',1,'3060457','oru',NULL,'1965-07-22',1,'2014-01-06',NULL,NULL,'staff/avatar/1517.jpg',NULL),(609,'Nona Estela','Gamboa Zabala',1,'3720912','cba',NULL,'1971-11-17',1,'2014-01-06',NULL,NULL,'staff/avatar/1514.jpg',NULL),(610,'Maria Lourdes','Quintanilla Vargas',1,'3607001','cba',NULL,'1972-04-21',1,'2014-01-06',NULL,NULL,'staff/avatar/1512.jpg',NULL),(611,'Edith Dyrcce','Tomicic Frkovic',1,'813115','cba',NULL,'1964-11-24',1,'2014-01-06',NULL,NULL,'staff/avatar/1510.jpg',NULL),(612,'Roberto','Cabrera Troncoso',1,'1804953','trj',NULL,'1958-06-07',1,'2014-01-06',NULL,NULL,'staff/avatar/1509.jpg',NULL),(613,'Hugo Orlando','Ardaya Hidalgo',1,'832150','cba',NULL,'1953-11-01',1,'2014-01-06',NULL,NULL,'staff/avatar/1508.jpg',NULL),(614,'Ana Lizbeth','Claros Bejarano',1,'3128295','cba',NULL,'1969-10-04',1,'2014-01-06',NULL,NULL,'staff/avatar/1505.jpg',NULL),(615,'Teresa','Rodriguez Patiño',1,'3408692','lpz',NULL,'1963-04-08',1,'2014-01-06',NULL,NULL,'staff/avatar/1504.jpg',NULL),(616,'Maria Eugenia','Mayan Echalar',1,'3619670','cba',NULL,'1970-09-07',1,'2014-01-06',NULL,NULL,'staff/avatar/1503.jpg',NULL),(617,'Yoni Francisco','Mendez Maldonado',1,'992469','cba',NULL,'1958-05-23',1,'2014-01-06',NULL,NULL,'staff/avatar/1500.jpg',NULL),(618,'Maribel Carolina','Iglesias Huarachi',1,'5282582','cba',NULL,'1980-03-07',1,'2014-01-06',NULL,NULL,'staff/avatar/1498.jpg',NULL),(619,'Jose Adhemar','Bellido Sejas',1,'3159621','cba',NULL,'1961-10-04',1,'2014-01-06',NULL,NULL,'staff/avatar/1497.jpg',NULL),(620,'Maria de','Calderon Rodriguez',1,'3028534','cba',NULL,'1966-09-20',1,'2014-01-06',NULL,NULL,'staff/avatar/1493.jpg',NULL),(621,'Juan Jose','Leonardini Mercado',1,'932261','cba',NULL,'1960-05-07',1,'2014-01-06',NULL,NULL,'staff/avatar/1491.jpg',NULL),(622,'Irma Ruth','Vargas Pardo',1,'960035','cba',NULL,'1964-01-30',1,'2014-01-06',NULL,NULL,'staff/avatar/1487.jpg',NULL),(623,'Nelson Jesus','Rivera Villarroel',1,'3785807','cba',NULL,'1972-12-24',1,'2014-01-06',NULL,NULL,'staff/avatar/1486.jpg',NULL),(624,'Galia Isela','Balderrama Angulo',1,'3763954','cba',NULL,'1972-01-08',1,'2014-01-06',NULL,NULL,'staff/avatar/1485.jpg',NULL),(625,'Ramiro Hernan','Montaño Ledo',1,'2786423','oru',NULL,'1961-06-14',1,'2014-01-06',NULL,NULL,'staff/avatar/1484.jpg',NULL),(626,'Sandra Delia','Garcia Iriarte',1,'3580055','cba',NULL,'1969-12-18',1,'2014-01-06',NULL,NULL,'staff/avatar/1483.jpg',NULL),(627,'Ulises Antonio','Merida Sejas',1,'2429001','lpz',NULL,'1959-12-13',1,'2014-01-06',NULL,NULL,'staff/avatar/1482.jpg',NULL),(628,'Tania','Antelo Medina',1,'1738195','ben',NULL,'1970-03-07',1,'2014-01-06',NULL,NULL,'staff/avatar/1481.jpg',NULL),(629,'Edme Siria','Candia Moscoso',1,'2887217','cba',NULL,'1961-06-18',1,'2014-01-06',NULL,NULL,'staff/avatar/1478.jpg',NULL),(630,'Isabel Marina','Yucra Cama',1,'4034174','oru',NULL,'1966-06-18',1,'2014-01-06',NULL,NULL,'staff/avatar/1476.jpg',NULL),(631,'Carmen Susana','Caero Jaldin',1,'3573717','cba',NULL,'1967-07-07',1,'2014-01-06',NULL,NULL,'staff/avatar/1475.jpg',NULL),(632,'Veronica','Maida Rosa',1,'4417756','cba',NULL,'1979-10-30',1,'2014-01-06',NULL,NULL,'staff/avatar/1474.jpg',NULL),(633,'Ruth Vilma','Alvarado Gonzales',1,'2882679','cba',NULL,'1962-04-19',1,'2014-01-06',NULL,NULL,'staff/avatar/1473.jpg',NULL),(634,'Gary Omar','Molina Cardozo',1,'1328206','pts',NULL,'1957-09-22',1,'2014-01-06',NULL,NULL,'staff/avatar/1472.jpg',NULL),(635,'Oscar Rafael','Lujan Valda',1,'2022038','lpz',NULL,'1953-09-10',1,'2014-01-06',NULL,NULL,'staff/avatar/1471.jpg',NULL),(636,'Jose Francisco','Lizarazu Alurralde',1,'2771269','oru',NULL,'1959-03-26',1,'2014-01-06',NULL,NULL,'staff/avatar/1470.jpg',NULL),(637,'Marcos Javier','Peredo Mercado',1,'3589408','cba',NULL,'1968-04-25',1,'2014-01-06',NULL,NULL,'staff/avatar/1466.jpg',NULL),(638,'Dora','Pardo Fuentes',1,'2883044','cba',NULL,'1958-11-09',1,'2014-01-06',NULL,NULL,'staff/avatar/1464.jpg',NULL),(639,'Luis Vladimir','Saavedra Iriarte',1,'3156199','cba',NULL,'1967-04-01',1,'2014-01-06',NULL,NULL,'staff/avatar/1458.jpg',NULL),(640,'Jaime Alejandro','Bravo Urquizu',1,'3968709','pts',NULL,'1974-12-03',1,'2014-01-06',NULL,NULL,'staff/avatar/1452.jpg',NULL),(641,'Hugo','Vera Flores',1,'2344359','lpz',NULL,'1960-03-12',1,'2014-01-06',NULL,NULL,'staff/avatar/1451.jpg',NULL),(642,'Felix Edgar','Villca Nina',1,'3127429','cba',NULL,'1964-11-11',1,'2014-01-06',NULL,NULL,'staff/avatar/1450.jpg',NULL),(643,'Bladimir Carlos','Sandi Delgadillo',1,'3623551','cba',NULL,'1971-02-27',1,'2014-01-06',NULL,NULL,'staff/avatar/1447.jpg',NULL),(644,'Edwin','Homsi Aragon',1,'2731171','oru',NULL,'1963-07-14',1,'2014-01-06',NULL,NULL,'staff/avatar/1446.jpg',NULL),(645,'Cintia Ana','Quiroga Landivar',1,'801821','cba',NULL,'1955-12-31',1,'2014-01-06',NULL,NULL,'staff/avatar/1445.jpg',NULL),(646,'Julio','Alvarez Carballo',1,'5195919','cba',NULL,'1979-09-01',1,'2014-01-06',NULL,NULL,'staff/avatar/1443.jpg',NULL),(647,'Maria Roxana','Ayllon Tardio',1,'2736997','oru',NULL,'1959-01-07',1,'2014-01-06',NULL,NULL,'staff/avatar/1438.jpg',NULL),(648,'Maria Patricia','Lemaitre Mendoza',1,'3153024','cba',NULL,'1964-04-20',1,'2014-01-06',NULL,NULL,'staff/avatar/1436.jpg',NULL),(649,'Monica Sandra','Guilarte Amaya',1,'3815546','cba',NULL,'1976-11-13',1,'2014-01-06',NULL,NULL,'staff/avatar/1431.jpg',NULL),(650,'Magaly Yolanda','Arnez Pericon',1,'3591242','cba',NULL,'1968-03-25',1,'2014-01-06',NULL,NULL,'staff/avatar/1430.jpg',NULL),(651,'Inocencio','Palacios Chambi',1,'3361944','lpz',NULL,'1968-12-27',1,'2014-01-06',NULL,NULL,'staff/avatar/1425.jpg',NULL),(652,'Maria Ruth','Verduguez Alba',1,'3028883','cba',NULL,'1962-11-08',1,'2014-01-06',NULL,NULL,'staff/avatar/1424.jpg',NULL),(653,'Jose Luis','Martinez Ballesteros',1,'1374527','pts',NULL,'1965-08-16',1,'2014-01-06',NULL,NULL,'staff/avatar/1418.jpg',NULL),(654,'Mirtha Ximena','Garcia Molina',1,'938742','cba',NULL,'1970-10-05',1,'2014-01-06',NULL,NULL,'staff/avatar/1415.jpg',NULL),(655,'Ivan Armando','Tarifa Rodriguez',1,'3334096','lpz',NULL,'1976-03-20',1,'2014-01-06',NULL,NULL,'staff/avatar/1414.jpg',NULL),(656,'Juan Marcelo','Zabalaga Canedo',1,'3748078','cba',NULL,'1972-10-20',1,'2014-01-06',NULL,NULL,'staff/avatar/1413.jpg',NULL),(657,'Jean Carla','Paz Mendoza',1,'3777967','cba',NULL,'1972-07-27',1,'2014-01-06',NULL,NULL,'staff/avatar/1412.jpg',NULL),(658,'Rosmary','Ayala Bravo',1,'823586','cba',NULL,'1952-08-07',1,'2014-01-06',NULL,NULL,'staff/avatar/1410.jpg',NULL),(659,'Edwin Adrian','Osuna Rauss',1,'3733736','cba',NULL,'1969-10-02',1,'2014-01-06',NULL,NULL,'staff/avatar/1409.jpg',NULL),(660,'Julian Orlando','Bustamante Sainz',1,'2880599','cba',NULL,'1962-11-28',1,'2014-01-06',NULL,NULL,'staff/avatar/1407.jpg',NULL),(661,'Gerardo Ivan','Berrios Ayala',1,'996161','cba',NULL,'1961-07-14',1,'2014-01-06',NULL,NULL,'staff/avatar/1405.jpg',NULL),(662,'Eduardo Jose','Caballero Alborta',1,'3073397','oru',NULL,'1965-08-23',1,'2014-01-06',NULL,NULL,'staff/avatar/1404.jpg',NULL),(663,'Karen Andrea','Rivera Rojas',1,'975998','cba',NULL,'1963-02-04',1,'2014-01-06',NULL,NULL,'staff/avatar/1403.jpg',NULL),(664,'Ana Cristina','Terrazas Terrazas',1,'3124141','cba',NULL,'1963-10-25',1,'2014-01-06',NULL,NULL,'staff/avatar/1399.jpg',NULL),(665,'Jaime Antonio','Camacho Vargas',1,'3819615','cba',NULL,'1973-10-28',1,'2014-01-06',NULL,NULL,'staff/avatar/1398.jpg',NULL),(666,'Maria Antonieta','Rocha Sanchez',1,'2882669','cba',NULL,'1967-11-29',1,'2014-01-06',NULL,NULL,'staff/avatar/1397.jpg',NULL),(667,'Dolly Ruth','Vaca Suarez',1,'3566908','cba',NULL,'1971-01-15',1,'2014-01-06',NULL,NULL,'staff/avatar/1395.jpg',NULL),(668,'Carlo Martin','Villarroel Covarrubias',1,'3618919','cba',NULL,'1974-01-04',1,'2014-01-06',NULL,NULL,'staff/avatar/1392.jpg',NULL),(669,'Kiddy Ronald','Garcia Panozo',1,'4441949','cba',NULL,'1978-02-04',1,'2014-01-06',NULL,NULL,'staff/avatar/1390.jpg',NULL),(670,'Gilda Marcela','Fernandez Daza',1,'2882118','cba',NULL,'1961-02-20',1,'2014-01-06',NULL,NULL,'staff/avatar/1389.jpg',NULL),(671,'Jose Edgar','Lara Villarroel',1,'993830','cba',NULL,'1956-07-11',1,'2014-01-06',NULL,NULL,'staff/avatar/1387.jpg',NULL),(672,'Eduarda Elizabeth','Lora Alejo',1,'3757761','cba',NULL,'1973-05-11',1,'2014-01-06',NULL,NULL,'staff/avatar/1385.jpg',NULL),(673,'Maria Graciela','Pereira Jaldin',1,'1590754','scz',NULL,'1954-01-03',1,'2014-01-06',NULL,NULL,'staff/avatar/1384.jpg',NULL),(674,'Wilson Ronald','Perez Jordan',1,'3007069','cba',NULL,'1962-06-20',1,'2014-01-06',NULL,NULL,'staff/avatar/1382.jpg',NULL),(675,'Mirtha Teresa','Torrez Peña',1,'3121812','cba',NULL,'1965-06-03',1,'2014-01-06',NULL,NULL,'staff/avatar/1379.jpg',NULL),(676,'Mirtha Roxana','Rocha Aguila',1,'4505762','cba',NULL,'1966-08-23',1,'2014-01-06',NULL,NULL,'staff/avatar/1378.jpg',NULL),(677,'Lucero Beatriz','Estrada Antezana',1,'2898500','cba',NULL,'1962-10-06',1,'2014-01-06',NULL,NULL,'staff/avatar/1377.jpg',NULL),(678,'Amilkar Rene','Marañon Vocal',1,'3001810','cba',NULL,'1969-05-06',1,'2014-01-06',NULL,NULL,'staff/avatar/1376.jpg',NULL),(679,'Dory Marina','Balladares Rodas',1,'984937','cba',NULL,'1956-07-18',1,'2014-01-06',NULL,NULL,'staff/avatar/1374.jpg',NULL),(680,'Erika Marilena','Mirabal Rivera',1,'2867736','cba',NULL,'1962-08-23',1,'2014-01-06',NULL,NULL,'staff/avatar/1373.jpg',NULL),(681,'Guido','Cabero Amonzabel',1,'2228221','lpz',NULL,'1954-09-14',1,'2014-01-06',NULL,NULL,'staff/avatar/1372.jpg',NULL),(682,'Maria Nelcy','Meneces Borda',1,'3567569','cba',NULL,'1965-05-29',1,'2014-01-06',NULL,NULL,'staff/avatar/1371.jpg',NULL),(683,'Dalsy','Montaño Rivera',1,'3577352','cba',NULL,'1968-06-01',1,'2014-01-06',NULL,NULL,'staff/avatar/1370.jpg',NULL),(684,'Richard Enrique','Leon Loaiza',1,'1325916','pts',NULL,'1957-12-10',1,'2014-01-06',NULL,NULL,'staff/avatar/1367.jpg',NULL),(685,'Patricia Lucy','Rodriguez Balderrama',1,'3142461','cba',NULL,'1965-11-25',1,'2014-01-06',NULL,NULL,'staff/avatar/1365.jpg',NULL),(686,'Cruz Ximena','Claros Santa',1,'3039766','cba',NULL,'1965-01-22',1,'2014-01-06',NULL,NULL,'staff/avatar/1364.jpg',NULL),(687,'Moises','Rejas Ayala',1,'2899156','cba',NULL,'1962-08-28',1,'2014-01-06',NULL,NULL,'staff/avatar/1363.jpg',NULL),(688,'Mario Richard','Antezana Marcos',1,'3618579','cba',NULL,'1968-12-08',1,'2014-01-06',NULL,NULL,'staff/avatar/1358.jpg',NULL),(689,'Carlos Antonio','Aguilar Mercado',1,'4428166','cba',NULL,'1973-11-04',1,'2014-01-06',NULL,NULL,'staff/avatar/1357.jpg',NULL),(690,'Walberto','Castillo Tapia',1,'6490408','cba',NULL,'1951-12-14',1,'2014-01-06',NULL,NULL,'staff/avatar/1354.jpg',NULL),(691,'Orlando Meliton','Brito Rojas',1,'980272','cba',NULL,'1958-04-12',1,'2014-01-06',NULL,NULL,'staff/avatar/1349.jpg',NULL),(692,'Freddy Jose','Romero Castellon',1,'965310','cba',NULL,'1957-09-17',1,'2014-01-06',NULL,NULL,'staff/avatar/1348.jpg',NULL),(693,'Marcos','Chipana Herrera',1,'5181099','cba',NULL,'1974-10-07',1,'2014-01-06',NULL,NULL,'staff/avatar/1347.jpg',NULL),(694,'Roberto Willy','Flores Carballo',1,'4500221','cba',NULL,'1976-10-21',1,'2014-01-06',NULL,NULL,'staff/avatar/1344.jpg',NULL),(695,'Ramiro Gonzalo','Patiño Guzman',1,'4440995','cba',NULL,'1974-01-10',1,'2014-01-06',NULL,NULL,'staff/avatar/1343.jpg',NULL),(696,'Wilfredo Celso','Camacho Pierola',1,'3039775','-',NULL,'1962-04-06',1,'2014-01-06',NULL,NULL,'images/default_avatar.png',NULL),(697,'Felix Carlos','Cespedes Centellas',1,'3567128','cba',NULL,'1965-07-29',1,'2014-01-06',NULL,NULL,'staff/avatar/1338.jpg',NULL),(698,'Wilfredo','Bernal Aguilar',1,'4507429','cba',NULL,'1972-11-01',1,'2014-01-06',NULL,NULL,'staff/avatar/1337.jpg',NULL),(699,'Arturo Silvestre','Guillen Nicolls',1,'4469738','cba',NULL,'1980-03-04',1,'2014-01-06',NULL,NULL,'staff/avatar/1334.jpg',NULL),(700,'Jose Antonio','Urquieta Gonzales',1,'4507815','cba',NULL,'1971-10-01',1,'2014-01-06',NULL,NULL,'staff/avatar/1333.jpg',NULL),(701,'Jorge','Mendez Escobar',1,'814240','cba',NULL,'1958-10-05',1,'2014-01-06',NULL,NULL,'staff/avatar/1331.jpg',NULL),(702,'Sandro','Cassia Aguada',1,'3551573','oru',NULL,'1972-04-06',1,'2014-01-06',NULL,NULL,'staff/avatar/1329.jpg',NULL),(703,'Jose Luis','Lamas Pillco',1,'4522638','cba',NULL,'1977-09-13',1,'2014-01-06',NULL,NULL,'staff/avatar/1328.jpg',NULL),(704,'Nicolas','Isla Condori',1,'3690588','pts',NULL,'1967-12-07',1,'2014-01-06',NULL,NULL,'staff/avatar/1327.jpg',NULL),(705,'Fausto Dionicio','Uribe Cadima',1,'3737942','cba',NULL,'1969-10-03',1,'2014-01-06',NULL,NULL,'staff/avatar/1325.jpg',NULL),(706,'Jose','Sandoval Revollo',1,'3592614','cba',NULL,'1963-05-03',1,'2014-01-06',NULL,NULL,'staff/avatar/1322.jpg',NULL),(707,'Jose','Choque Chambi',1,'1318404','pts',NULL,'1962-12-29',1,'2014-01-06',NULL,NULL,'staff/avatar/1321.jpg',NULL),(708,'Jose Gualberto','Ledezma Olivera',1,'958481','cba',NULL,'1955-07-11',1,'2014-01-06',NULL,NULL,'staff/avatar/1320.jpg',NULL),(709,'Steve Nelson','Vargas Vargas',1,'4537448','cba',NULL,'1980-04-07',1,'2014-01-06',NULL,NULL,'images/default_avatar.png',NULL),(710,'Miguel Angel','Zapata Serrano',1,'3775094','cba',NULL,'1976-09-04',1,'2014-01-06',NULL,NULL,'staff/avatar/1315.jpg',NULL),(711,'Edwin Apolinar','Arias Vargas',1,'4452040','cba',NULL,'1976-04-09',1,'2014-01-06',NULL,NULL,'staff/avatar/1314.jpg',NULL),(712,'Rolando Pablo','Suaznabar Angles',1,'2557267','lpz',NULL,'1962-03-02',1,'2014-01-06',NULL,NULL,'staff/avatar/1313.jpg',NULL),(713,'Waldy','Muñoz Terrazas',1,'3808452','cba',NULL,'1968-06-02',1,'2014-01-06',NULL,NULL,'staff/avatar/1311.jpg',NULL),(714,'Marcos Simon','Mareño Teran',1,'7294503','oru',NULL,'1976-02-18',1,'2014-01-06',NULL,NULL,'staff/avatar/1308.jpg',NULL),(715,'Vladimir','Zelada Villarroel',1,'2888337','cba',NULL,'1979-01-18',1,'2014-01-06',NULL,NULL,'staff/avatar/1305.jpg',NULL),(716,'Edson Jose','Sanabria Via',1,'3725304','cba',NULL,'1971-02-01',1,'2014-01-06',NULL,NULL,'staff/avatar/1304.jpg',NULL),(717,'Antonio Jercy','Valdivia Saavedra',1,'4416172','cba',NULL,'1974-06-17',1,'2014-01-06',NULL,NULL,'staff/avatar/1303.jpg',NULL),(718,'Fernando','Zeballos Orellana',1,'4392873','cba',NULL,'1971-12-31',1,'2014-01-06',NULL,NULL,'staff/avatar/1298.jpg',NULL),(719,'Maximo','Muruchi Poma',1,'2520301','lpz',NULL,'1961-04-08',1,'2014-01-06',NULL,NULL,'staff/avatar/1297.jpg',NULL),(720,'Silvia Marcela','Salazar Claros',1,'3110541','oru',NULL,'1969-10-27',1,'2014-01-06',NULL,NULL,'staff/avatar/1295.jpg',NULL),(721,'Juan Javier','Oropeza Grageda',1,'2875881','cba',NULL,'1960-12-03',1,'2014-01-06',NULL,NULL,'staff/avatar/1288.jpg',NULL),(722,'Jorge Baltazar','Mejia Herbas',1,'833522','cba',NULL,'1954-01-06',1,'2014-01-06',NULL,NULL,'staff/avatar/1286.jpg',NULL),(723,'Alexander Sassha','Torrico Tumaev',1,'959140','cba',NULL,'1965-05-31',1,'2014-01-06',NULL,NULL,'images/default_avatar.png',NULL),(724,'Rosa Mabel','Padilla Mendieta',1,'3750934','cba',NULL,'1969-07-06',1,'2014-01-06',NULL,NULL,'staff/avatar/1282.jpg',NULL),(725,'Sandra Cecilia','Duran Gimenez',1,'2722997','oru',NULL,'1966-04-26',1,'2014-01-06',NULL,NULL,'staff/avatar/1279.jpg',NULL),(726,'Marco Antonio','Ledezma Quiroga',1,'2771822','cba',NULL,'1961-10-07',1,'2014-01-06',NULL,NULL,'staff/avatar/1275.jpg',NULL),(727,'Reinaldo','Centellas Quezada',1,'5271039','cba',NULL,'1964-08-24',1,'2014-01-06',NULL,NULL,'staff/avatar/1274.jpg',NULL),(728,'Victor Hugo','Gamboa Mercado',1,'3739725','cba',NULL,'1968-01-08',1,'2014-01-06',NULL,NULL,'staff/avatar/1273.jpg',NULL),(729,'Saul Joel','Herbas Camacho',1,'958755','cba',NULL,'1958-02-13',1,'2014-01-06',NULL,NULL,'staff/avatar/1272.jpg',NULL),(730,'Alvaro','Unzueta Jorge',1,'3599303','cba',NULL,'1968-07-25',1,'2014-01-06',NULL,NULL,'staff/avatar/1265.jpg',NULL),(731,'Mario','Vargas Rojas',1,'834644','cba',NULL,'1950-10-22',1,'2014-01-06',NULL,NULL,'staff/avatar/1264.jpg',NULL),(732,'Luis Alfonso','Azurduy Navarro',1,'3394804','cba',NULL,'1968-12-24',1,'2014-01-06',NULL,NULL,'staff/avatar/1263.jpg',NULL),(733,'Ana Maria','Arnez Zapata',1,'3606493','cba',NULL,'1967-11-21',1,'2014-01-06',NULL,NULL,'staff/avatar/1262.jpg',NULL),(734,'Ricardo','Campos Toranzo',1,'3575713','cba',NULL,'1965-01-18',1,'2014-01-06',NULL,NULL,'staff/avatar/1261.jpg',NULL),(735,'Nereyda Livia','Magariños Toranzos',1,'3124921','cba',NULL,'1965-06-24',1,'2014-01-06',NULL,NULL,'staff/avatar/1260.jpg',NULL),(736,'Oscar','Tangara Huarachi',1,'2786531','cba',NULL,'1962-09-08',1,'2014-01-06',NULL,NULL,'staff/avatar/1255.jpg',NULL),(737,'Zenon','Saravia Arce',1,'3104579','oru',NULL,'1960-12-29',1,'2014-01-06',NULL,NULL,'staff/avatar/1254.jpg',NULL),(738,'Jose Wilfredo','Guarachi Cossio',1,'2894382','cba',NULL,'1963-09-14',1,'2014-01-06',NULL,NULL,'staff/avatar/1253.jpg',NULL),(739,'Pedro Luis','Gamboa Torrico',1,'3734173','cba',NULL,'1971-07-28',1,'2014-01-06',NULL,NULL,'images/default_avatar.png',NULL),(740,'Hernan Jose','Quiroz Rocha',1,'3733075','cba',NULL,'1966-07-20',1,'2014-01-06',NULL,NULL,'staff/avatar/1247.jpg',NULL),(741,'Jose Antonio','Montoya Patiño',1,'3741095','cba',NULL,'1970-05-03',1,'2014-01-06',NULL,NULL,'staff/avatar/1245.jpg',NULL),(742,'Zulema Carolina','Loayza Leyton',1,'2472226','lpz',NULL,'1964-10-11',1,'2014-01-06',NULL,NULL,'staff/avatar/1243.jpg',NULL),(743,'Roxana Carol','Iglesias Huarachi',1,'4456246','cba',NULL,'1976-04-06',1,'2014-01-06',NULL,NULL,'staff/avatar/1241.jpg',NULL),(744,'Maria Luz','Rocha Ferrufino',1,'3619574','cba',NULL,'1969-08-24',1,'2014-01-06',NULL,NULL,'staff/avatar/1239.jpg',NULL),(745,'Julio Felix','Gandarillas Antezana',1,'3616122','cba',NULL,'1968-05-02',1,'2014-01-06',NULL,NULL,'staff/avatar/1237.jpg',NULL),(746,'Fredy Jhony','Rojas Salguero',1,'3586483','cba',NULL,'1965-12-05',1,'2014-01-06',NULL,NULL,'staff/avatar/1235.jpg',NULL),(747,'Jhonny Vicente','Perez Zenteno',1,'3751852','cba',NULL,'1970-01-22',1,'2014-01-06',NULL,NULL,'staff/avatar/1232.jpg',NULL),(748,'Jose Freddy','Soto Cossio',1,'966994','cba',NULL,'1952-06-09',1,'2014-01-06',NULL,NULL,'staff/avatar/1231.jpg',NULL),(749,'Janette Patricia','Alurralde Gironda',1,'2326629','lpz',NULL,'1964-02-10',1,'2014-01-06',NULL,NULL,'staff/avatar/1227.jpg',NULL),(750,'Maria Luisa','Rios Guizada',1,'921622','cba',NULL,'1956-03-04',1,'2014-01-06',NULL,NULL,'staff/avatar/1225.jpg',NULL),(751,'Richard Antonio','Arnez Perez',1,'955943','cba',NULL,'1970-01-05',1,'2014-01-06',NULL,NULL,'staff/avatar/1220.jpg',NULL),(752,'Edgar','Rivera Alzugaray',1,'2046167','lpz',NULL,'1950-02-26',1,'2014-01-06',NULL,NULL,'staff/avatar/1210.jpg',NULL),(753,'Marcelo','Pereira Valenzuela',1,'824076','cba',NULL,'1964-07-06',1,'2014-01-06',NULL,NULL,'staff/avatar/1204.jpg',NULL),(754,'Jose Gonzalo','Villegas Blanco',1,'2370747','lpz',NULL,'1962-07-03',1,'2014-01-06',NULL,NULL,'staff/avatar/1200.jpg',NULL),(755,'Marco Antonio','Jimenez Vidal',1,'3619260','cba',NULL,'1963-05-06',1,'2014-01-06',NULL,NULL,'staff/avatar/1199.jpg',NULL),(756,'Ramiro Andres','Acosta Montaño',1,'959546','cba',NULL,'1957-04-02',1,'2014-01-06',NULL,NULL,'staff/avatar/1194.jpg',NULL),(757,'Carlos Roberto','Crespo Morato',1,'2917173','cba',NULL,'1962-01-28',1,'2014-01-06',NULL,NULL,'staff/avatar/1181.jpg',NULL),(758,'Edwin Nelson','Velasquez Sanchez',1,'3073503','oru',NULL,'1967-10-20',1,'2014-01-06',NULL,NULL,'staff/avatar/1180.jpg',NULL),(759,'Raimundo Nolasco','Illanes Vidal',1,'3157939','cba',NULL,'1964-01-23',1,'2014-01-06',NULL,NULL,'staff/avatar/1176.jpg',NULL),(760,'Maria Eugenia','Pinto Davila',1,'3351322','lpz',NULL,'1966-06-13',1,'2014-01-06',NULL,NULL,'staff/avatar/1171.jpg',NULL),(761,'Julio Emilio','Lopez Baldivia',1,'776793','cba',NULL,'1966-07-18',1,'2014-01-06',NULL,NULL,'staff/avatar/1165.jpg',NULL),(762,'Richard Hernan','Hinojosa Ortiz',1,'2641842','lpz',NULL,'1966-07-15',1,'2014-01-06',NULL,NULL,'staff/avatar/1164.jpg',NULL),(763,'Nelson Gustavo','Gamboa Cordova',1,'2882475','cba',NULL,'1961-10-16',1,'2014-01-06',NULL,NULL,'images/default_avatar.png',NULL),(764,'Guillermo Omar','Daza Alcala',1,'3588895','cba',NULL,'1967-02-01',1,'2014-01-06',NULL,NULL,'staff/avatar/1152.jpg',NULL),(765,'Edgar','Moreno Ojopi',1,'2901361','cba',NULL,'1965-05-08',1,'2014-01-06',NULL,NULL,'staff/avatar/115.jpg',NULL),(766,'Vivian Patricia','Zambrana Villalba',1,'2879766','cba',NULL,'1964-06-04',1,'2014-01-06',NULL,NULL,'staff/avatar/1148.jpg',NULL),(767,'Augusto Felipo','Vargas Zeballos',1,'2873828','cba',NULL,'1960-04-11',1,'2014-01-06',NULL,NULL,'staff/avatar/1143.jpg',NULL),(768,'Lidia Mercedes','Taborga Soliz',1,'2906496','cba',NULL,'1963-11-30',1,'2014-01-06',NULL,NULL,'staff/avatar/114.jpg',NULL),(769,'Sonia Patricia','Urresty Moreno',1,'3022232','cba',NULL,'1972-12-26',1,'2014-01-06',NULL,NULL,'staff/avatar/1138.jpg',NULL),(770,'Monica Janett','Urquidi Siles',1,'4453977','cba',NULL,'1975-10-28',1,'2014-01-06',NULL,NULL,'staff/avatar/1137.jpg',NULL),(771,'Marcia Ximena','Ugarte Gamboa',1,'3129319','cba',NULL,'1966-09-04',1,'2014-01-06',NULL,NULL,'staff/avatar/1136.jpg',NULL),(772,'Norah','Ugarte Arnez',1,'3128147','cba',NULL,'1962-07-05',1,'2014-01-06',NULL,NULL,'staff/avatar/1135.jpg',NULL),(773,'Exequiel Roberto','Torres Davila',1,'850023','cba',NULL,'1954-08-01',1,'2014-01-06',NULL,NULL,'staff/avatar/1130.jpg',NULL),(774,'Luis Eduardo','Terrazas Rojas',1,'3152709','cba',NULL,'1966-01-24',1,'2014-01-06',NULL,NULL,'staff/avatar/1129.jpg',NULL),(775,'Ana','Miranda Ruiz',1,'803940','cba',NULL,'1949-04-09',1,'2014-01-06',NULL,NULL,'staff/avatar/1128.jpg',NULL),(776,'Ruth Monica','Teran Zabalaga',1,'3120241','cba',NULL,'1967-02-12',1,'2014-01-06',NULL,NULL,'staff/avatar/1127.jpg',NULL),(777,'Fernando German','Teran Rivas',1,'950493','cba',NULL,'1959-05-02',1,'2014-01-06',NULL,NULL,'staff/avatar/1126.jpg',NULL),(778,'Oscar Primitivo','Siles Sanchez',1,'3762289','cba',NULL,'1968-11-27',1,'2014-01-06',NULL,NULL,'staff/avatar/1119.jpg',NULL),(779,'Modesto','Sandoval Cortez',1,'3576085','cba',NULL,'1963-07-16',1,'2014-01-06',NULL,NULL,'staff/avatar/1115.jpg',NULL),(780,'Adolfo','Sanchez Gustavo',1,'990485','cba',NULL,'1960-05-12',1,'2014-01-06',NULL,NULL,'staff/avatar/1113.jpg',NULL),(781,'Enrique','Salinas Clavijo',1,'3138164','cba',NULL,'1969-05-25',1,'2014-01-06',NULL,NULL,'staff/avatar/1112.jpg',NULL),(782,'Jimmy Herber','Rodriguez Ferrel',1,'3134059','cba',NULL,'1962-06-11',1,'2014-01-06',NULL,NULL,'staff/avatar/1108.jpg',NULL),(783,'Ricardo','Rios Torrico',1,'608570','oru',NULL,'1958-02-07',1,'2014-01-06',NULL,NULL,'staff/avatar/1103.jpg',NULL),(784,'Tania Irma','Quispia Salinas',1,'3618413','cba',NULL,'1968-11-05',1,'2014-01-06',NULL,NULL,'staff/avatar/1101.jpg',NULL),(785,'Freddy Gerardo','Prado Galvez',1,'779502','cba',NULL,'1946-09-24',1,'2014-01-06',NULL,NULL,'staff/avatar/1097.jpg',NULL),(786,'Angel Gustavo','Perez Orellana',1,'3786772','cba',NULL,'1971-08-02',1,'2014-01-06',NULL,NULL,'staff/avatar/1094.jpg',NULL),(787,'Javier Arsenio','Perez Canedo',1,'3801357','cba',NULL,'1974-10-14',1,'2014-01-06',NULL,NULL,'staff/avatar/1092.jpg',NULL),(788,'Mario','Parisaca Calcina',1,'3013641','cba',NULL,'1960-04-27',1,'2014-01-06',NULL,NULL,'staff/avatar/1091.jpg',NULL),(789,'Javier','Morales Olguin',1,'3128243','cba',NULL,'1965-12-26',1,'2014-01-06',NULL,NULL,'staff/avatar/1087.jpg',NULL),(790,'Fernando Raul','Morales Berrios',1,'3046254','oru',NULL,'1963-01-01',1,'2014-01-06',NULL,NULL,'staff/avatar/1085.jpg',NULL),(791,'Boris Eduardo','Montero Ayaviri',1,'3604987','cba',NULL,'1970-07-30',1,'2014-01-06',NULL,NULL,'staff/avatar/1084.jpg',NULL),(792,'Grover','Mejia Veizaga',1,'3730872','cba',NULL,'1969-04-30',1,'2014-01-06',NULL,NULL,'staff/avatar/1076.jpg',NULL),(793,'Miguel Angel','Marzana Vasquez',1,'2892122','cba',NULL,'1962-04-03',1,'2014-01-06',NULL,NULL,'staff/avatar/1074.jpg',NULL),(794,'Galvarro Fernando','Luizaga Soria',1,'960444','cba',NULL,'1957-01-22',1,'2014-01-06',NULL,NULL,'staff/avatar/1070.jpg',NULL),(795,'Jose Luis','Lazcano Alba',1,'2790185','oru',NULL,'1960-10-09',1,'2014-01-06',NULL,NULL,'staff/avatar/1066.jpg',NULL),(796,'Juan Manuel','Illanes Cordova',1,'3602529','cba',NULL,'1966-09-25',1,'2014-01-06',NULL,NULL,'staff/avatar/1061.jpg',NULL),(797,'Juan Carlos','Hinojosa Guzman',1,'2880063','cba',NULL,'1962-07-05',1,'2014-01-06',NULL,NULL,'images/default_avatar.png',NULL),(798,'Sandra Cristina','Hinochea Mendez',1,'3581172','cba',NULL,'1972-09-24',1,'2014-01-06',NULL,NULL,'staff/avatar/1058.jpg',NULL),(799,'Jose Gerardo','Heredia Montaño',1,'3743074','cba',NULL,'1972-06-09',1,'2014-01-06',NULL,NULL,'staff/avatar/1057.jpg',NULL),(800,'Jhonny','Herbas Pereira',1,'3783445','cba',NULL,'1968-08-20',1,'2014-01-06',NULL,NULL,'staff/avatar/1056.jpg',NULL),(801,'Jenny Norah','Guzman Rivera',1,'988906','cba',NULL,'1960-06-18',1,'2014-01-06',NULL,NULL,'staff/avatar/1055.jpg',NULL),(802,'Edwin Jose','Guzman Cossio',1,'3567689','cba',NULL,'1966-07-11',1,'2014-01-06',NULL,NULL,'staff/avatar/1054.jpg',NULL),(803,'Jery Lidan','Guillen Toranzo',1,'4381983','cba',NULL,'1972-07-14',1,'2014-01-06',NULL,NULL,'staff/avatar/1052.jpg',NULL),(804,'Mary Ivia','Gonzales Eguez',1,'2890576','cba',NULL,'1963-11-09',1,'2014-01-06',NULL,NULL,'staff/avatar/1050.jpg',NULL),(805,'Tatiana Rita','Navia Cabrera',1,'3145269','cba',NULL,'1965-03-07',1,'2014-01-06',NULL,NULL,'staff/avatar/1049.jpg',NULL),(806,'Juan Americo','Flores Huanca',1,'3433314','lpz',NULL,'1970-09-26',1,'2014-01-06',NULL,NULL,'staff/avatar/1046.jpg',NULL),(807,'Fernando','Ferrel',1,'3724323','cba',NULL,'1968-02-10',1,'2014-01-06',NULL,NULL,'staff/avatar/1043.jpg',NULL),(808,'David Alejandro','Escalera Fernandez',1,'3137047','cba',NULL,'1965-08-17',1,'2014-01-06',NULL,NULL,'images/default_avatar.png',NULL),(809,'Erlan Jose','Davalos Ramallo',1,'3575082','cba',NULL,'1968-10-03',1,'2014-01-06',NULL,NULL,'staff/avatar/1038.jpg',NULL),(810,'Scarley Patricia','Coscio Marquez',1,'4410379','cba',NULL,'1974-01-25',1,'2014-01-06',NULL,NULL,'staff/avatar/1036.jpg',NULL),(811,'Angel Hernan','Cocabia Mendieta',1,'970931','cba',NULL,'1955-10-24',1,'2014-01-06',NULL,NULL,'staff/avatar/1034.jpg',NULL),(812,'Juan Carlos','Claros Reynaga',1,'4392330','cba',NULL,'1974-06-16',1,'2014-01-06',NULL,NULL,'staff/avatar/1032.jpg',NULL),(813,'Eulogio','Carranza Marin',1,'1056821','scr',NULL,'1961-01-26',1,'2014-01-06',NULL,NULL,'staff/avatar/1028.jpg',NULL),(814,'Marco Antonio','Cardenas Gomez',1,'3025993','cba',NULL,'1959-04-17',1,'2014-01-06',NULL,NULL,'staff/avatar/1027.jpg',NULL),(815,'Miguel Angel','Callisaya Chipana',1,'4420701','cba',NULL,'1975-02-02',1,'2014-01-06',NULL,NULL,'staff/avatar/1026.jpg',NULL),(816,'Maria Guisela','Bravo Rios',1,'4412992','cba',NULL,'1975-02-08',1,'2014-01-06',NULL,NULL,'staff/avatar/1024.jpg',NULL),(817,'Marlene Janett','Bermudez Prada',1,'3033271','cba',NULL,'1964-10-22',1,'2014-01-06',NULL,NULL,'staff/avatar/1022.jpg',NULL),(818,'Elizabeth Beatriz','Barrientos Perez',1,'2898933','cba',NULL,'1962-07-29',1,'2014-01-06',NULL,NULL,'staff/avatar/1019.jpg',NULL),(819,'Luis Fernando','Barrera Fernandez',1,'3753151','cba',NULL,'1971-11-07',1,'2014-01-06',NULL,NULL,'staff/avatar/1018.jpg',NULL),(820,'Ruth Miriam','Antezana Martinez',1,'2863755','cba',NULL,'1959-08-27',1,'2014-01-06',NULL,NULL,'staff/avatar/1006.jpg',NULL),(821,'Shirley Victoria','Alvarez Cuellar',1,'975250','cba',NULL,'1963-03-11',1,'2014-01-06',NULL,NULL,'staff/avatar/1004.jpg',NULL),(822,'Silvana Patricia','Alcala Benavente',1,'4042759','oru',NULL,'1970-04-28',1,'2014-01-06',NULL,NULL,'staff/avatar/1003.jpg',NULL),(823,'Rosa Gimena','Aguilar Bayer',1,'3569920','cba',NULL,'1964-08-30',1,'2014-01-06',NULL,NULL,'staff/avatar/1001.jpg',NULL),(824,'Jhonatan Osbaldo','Carballo Mercado',1,'5259758','cba',NULL,'1984-04-12',1,'2014-01-06',NULL,NULL,'images/default_avatar.png',NULL),(825,'Mayra Alejandra','Jimenez Apodaca',1,'7973974','cba',NULL,'1993-04-30',1,'2014-01-06',NULL,NULL,'images/default_avatar.png',NULL),(826,'Jeanneth','Mendoza Orellana',1,'5183070','cba',NULL,'1982-04-18',1,'2014-01-06',NULL,NULL,'images/default_avatar.png',NULL),(827,'Tesoro Magda','Ferrufino Correa',1,'2883120','cba',NULL,'1963-08-13',1,'2014-01-06',NULL,NULL,'images/default_avatar.png',NULL),(828,'Maria Rosario','Ossio Mujica',1,'3788026','cba',NULL,'1971-05-01',1,'2014-01-06',NULL,NULL,'images/default_avatar.png',NULL),(829,'Carina','Salazar Clavijo',1,'3728446','cba',NULL,'1972-08-21',1,'2014-01-06',NULL,NULL,'images/default_avatar.png',NULL),(830,'Ximena','Lafuente Alcocer',1,'6539620','cba',NULL,'1988-11-06',1,'2014-01-06',NULL,NULL,'images/default_avatar.png',NULL),(831,'Rafael','Peredo Montalvo',1,'5286774','cba',NULL,'1982-11-23',1,'2014-01-06',NULL,NULL,'images/default_avatar.png',NULL),(832,'Alvaro Fernando','Gamboa Afcha',1,'677784','oru',NULL,'1962-05-30',1,'2014-01-06',NULL,NULL,'images/default_avatar.png',NULL),(833,'Pedro Infante','Solares Calderon',1,'2314106','lpz',NULL,'1963-04-27',1,'2014-01-06',NULL,NULL,'images/default_avatar.png',NULL),(834,'Juan Alfonso','Megias Fernandez',1,'833758','cba',NULL,'1973-04-01',1,'2014-01-06',NULL,NULL,'staff/avatar/1528.jpg',NULL),(835,'Ruddy Ivan','Capriles Arguedas',1,'800347','cba',NULL,'1953-12-12',1,'2014-01-06',NULL,NULL,'images/default_avatar.png',NULL),(836,'Carlos Fernando','Aldazosa Sanzetenea',1,'2873226','cba',NULL,'1961-03-23',1,'2014-01-06',NULL,NULL,'images/default_avatar.png',NULL),(837,'Lazcano Jaime','De Ugarte',1,'935784','cba',NULL,'1956-09-25',1,'2014-01-06',NULL,NULL,'images/default_avatar.png',NULL),(838,'(Dir) Marco','Araoz M.',1,'3604524','cba',NULL,'1968-04-14',1,'2014-01-06',NULL,NULL,'images/default_avatar.png',NULL),(839,'Franz Victor','Gonzales Zurita',1,'814259','cba',NULL,'1957-08-25',1,'2014-01-06',NULL,NULL,'images/default_avatar.png',NULL),(840,'Victor','Caceres Rodriguez',1,'817268','cba',NULL,'1955-05-10',1,'2014-01-06',NULL,NULL,'images/default_avatar.png',NULL),(841,'Juan Carlos','Peñaloza Saravia',1,'3018489','cba',NULL,'1966-07-18',1,'2014-01-06',NULL,NULL,'images/default_avatar.png',NULL),(842,'Raul Ricardo','Perez Jordan',1,'974967','cba',NULL,'1959-06-07',1,'2014-01-06',NULL,NULL,'images/default_avatar.png',NULL),(843,'William Marcelo','Aldunate Deromedis',1,'3138155','cba',NULL,'1964-08-10',1,'2014-01-06',NULL,NULL,'images/default_avatar.png',NULL),(844,'Orlando Stuardo','Jordan Quiroga',1,'971545','cba',NULL,'1959-01-29',1,'2014-01-06',NULL,NULL,'images/default_avatar.png',NULL),(845,'(Dir) Carlos','Salas Pinto',1,'834934','cba',NULL,'1956-11-01',1,'2014-01-06',NULL,NULL,'images/default_avatar.png',NULL),(846,'Jose Luis','Tapia Rojas',1,'3006817','cba',NULL,'1963-11-09',1,'2014-01-06',NULL,NULL,'images/default_avatar.png',NULL),(847,'Virginia','Vasquez Ureña',1,'833200','cba',NULL,'1953-08-22',1,'2014-01-06',NULL,NULL,'images/default_avatar.png',NULL),(848,'Rolando','Ramos Gutierrez',1,'3025250','cba',NULL,'1964-12-21',1,'2014-01-06',NULL,NULL,'images/default_avatar.png',NULL),(849,'Edwin Gamal','Serhan Jaldin',1,'960389','cba',NULL,'1968-06-03',1,'2014-01-06',NULL,NULL,'images/default_avatar.png',NULL),(850,'Kurth Roland','Hoffman Barrientos',1,'994104','cba',NULL,'1960-02-24',1,'2014-01-06',NULL,NULL,'images/default_avatar.png',NULL),(851,'Carlos Jose','Zenteno Heredia',1,'2901899','oru',NULL,'1965-04-25',1,'2014-01-06',NULL,NULL,'images/default_avatar.png',NULL),(852,'Jose Angel','Valenzuela Soliz',1,'925631','lpz',NULL,'1948-01-08',1,'2014-01-06',NULL,NULL,'images/default_avatar.png',NULL),(853,'Evelin Patricia','Bonuccelli Maertens',1,'963424','cba',NULL,'1961-10-19',1,'2014-01-06',NULL,NULL,'images/default_avatar.png',NULL),(854,'Mauricio Antonio','Torrico Saavedra',1,'3592247','cba',NULL,'1968-09-03',1,'2014-01-06',NULL,NULL,'images/default_avatar.png',NULL),(855,'Marcelo Armando','Zapata Serrano',1,'3624545','cba',NULL,'1968-12-31',1,'2014-01-06',NULL,NULL,'staff/avatar/705.jpg',NULL),(856,'Monica Jasmin','Castillo Montaño',1,'3797822','cba',NULL,'1973-06-23',1,'2014-01-06',NULL,NULL,'staff/avatar/260.jpg',NULL),(857,'Jhon Tito','Terceros Aspetti',1,'655804','oru',NULL,'1967-01-25',1,'2014-01-06',NULL,NULL,'images/default_avatar.png',NULL),(858,'Karen Patricia','Rojas Pinto',1,'3746748','cba',NULL,'1977-12-23',1,'2014-01-06',NULL,NULL,'images/default_avatar.png',NULL),(859,'Gustavo','Crispin Moya',1,'3567815','cba',NULL,'1980-06-11',1,'2014-01-06',NULL,NULL,'images/default_avatar.png',NULL),(860,'Jimmy Mario','Schaer Flores',1,'2872621','cba',NULL,'1974-12-02',1,'2014-01-06',NULL,NULL,'images/default_avatar.png',NULL),(861,'Jeannie Bianca','Vargas Arduz',1,'3142779','cba',NULL,'1981-06-08',1,'2014-01-06',NULL,NULL,'images/default_avatar.png',NULL),(862,'Erudices','Nova Senzano',1,'4637951','scz',NULL,'1977-09-16',1,'2014-01-06',NULL,NULL,'images/default_avatar.png',NULL),(863,'Karen Mariela','Mendoza Bazoalto',1,'5928584','cba',NULL,'1984-03-15',1,'2014-01-06',NULL,NULL,'images/default_avatar.png',NULL),(864,'Marcella Isabel','Vera Urquieta',1,'6515563','cba',NULL,'1985-07-15',1,'2014-01-06',NULL,NULL,'images/default_avatar.png',NULL),(865,'Alenka Rocio','Deheza Hinojosa',1,'5264593','cba',NULL,'1982-01-07',1,'2014-01-06',NULL,NULL,'images/default_avatar.png',NULL),(866,'Helga Dagmar','Nava Rodriguez',1,'3504405','oru',NULL,'1973-02-09',1,'2014-01-06',NULL,NULL,'images/default_avatar.png',NULL),(867,'Ziboney','Antezana Bermudez',1,'3787541','cba',NULL,'1973-07-18',1,'2014-01-06',NULL,NULL,'images/default_avatar.png',NULL),(868,'Wilmer Roger','Velasquez Laura',1,'3113044','oru',NULL,'1973-12-09',1,'2014-01-06',NULL,NULL,'images/default_avatar.png',NULL),(869,'Valeria Roxana','Espindola Mogro',1,'5043180','tja',NULL,'1986-12-01',1,'2014-01-06',NULL,NULL,'images/default_avatar.png',NULL),(870,'Sergio','Cuevas Gutierrez',1,'3744798','cba',NULL,'1977-06-09',1,'2014-01-06',NULL,NULL,'images/default_avatar.png',NULL),(871,'David Rodrigo','Requena Crespo',1,'5275460','cba',NULL,'1982-08-19',1,'2014-01-06',NULL,NULL,'images/default_avatar.png',NULL),(872,'Jemina Kesia','Gutierrez Ergueta',1,'4761157','lpz',NULL,'1978-11-28',1,'2014-01-06',NULL,NULL,'images/default_avatar.png',NULL),(873,'Karin Milesi','Tomasi Suarez',1,'5359961','scz',NULL,'1984-10-07',1,'2014-01-06',NULL,NULL,'images/default_avatar.png',NULL),(874,'Marco Antonio','Cuevas Gonzales',1,'4506931','cba',NULL,'1977-09-09',1,'2014-01-06',NULL,NULL,'staff/avatar/2314.jpg',NULL),(875,'Danitza Jazmi','Tapia Rosales',1,'4418375','cba',NULL,'1976-12-20',1,'2014-01-06',NULL,NULL,'staff/avatar/2312.jpg',NULL),(876,'Ronald Gabriel','Barrientos Torrico',1,'5253873','cba',NULL,'1986-07-25',1,'2014-01-06',NULL,NULL,'staff/avatar/2297.jpg',NULL),(877,'Nelson Marcel','Mora Larrea',1,'3614220','cba',NULL,'1974-09-03',1,'2014-01-06',NULL,NULL,'staff/avatar/2283.jpg',NULL),(878,'Jenny Leslie','Valdivia Muñoz',1,'4391464','cba',NULL,'1973-07-07',1,'2014-01-06',NULL,NULL,'staff/avatar/2282.jpg',NULL),(879,'Bemar','Torrico Delgadillo',1,'4394828','cba',NULL,'1976-12-02',1,'2014-01-06',NULL,NULL,'staff/avatar/2272.jpg',NULL),(880,'Carla Pamela','Grageda Aguilar',1,'3741897','cba',NULL,'1984-08-15',1,'2014-01-06',NULL,NULL,'staff/avatar/2268.jpg',NULL),(881,'Mauricio Omar','Romero Terceros',1,'4500662','cba',NULL,'1976-04-16',1,'2014-01-06',NULL,NULL,'staff/avatar/2259.jpg',NULL),(882,'Gonzalo','Sainz Romero',1,'3145466','cba',NULL,'1969-11-11',1,'2014-01-06',NULL,NULL,'staff/avatar/2258.jpg',NULL),(883,'Luis Alberto','Valverde Covarrubias',1,'4538440','cba',NULL,'1978-09-21',1,'2014-01-06',NULL,NULL,'staff/avatar/2253.jpg',NULL),(884,'Pedro Saul','Fernandez Melgar',1,'5152224','cba',NULL,'1980-12-18',1,'2014-01-06',NULL,NULL,'staff/avatar/2252.jpg',NULL),(885,'Diego Israel','Sansusty Sanzetenea',1,'3002117','cba',NULL,'1978-11-01',1,'2014-01-06',NULL,NULL,'staff/avatar/2251.jpg',NULL),(886,'Yvan','Cayo Lancea',1,'5189376','cba',NULL,'1979-12-07',1,'2014-01-06',NULL,NULL,'staff/avatar/2239.jpg',NULL),(887,'Hans Cristian','Arcos Mercado',1,'5173096','cba',NULL,'1980-03-29',1,'2014-01-06',NULL,NULL,'staff/avatar/2216.jpg',NULL),(888,'Cinthia Carol','Aviles Vargas',1,'2366723','-',NULL,'1962-10-21',1,'2014-01-06',NULL,NULL,'images/default_avatar.png',NULL),(889,'Claudia Virginia','Suarez Aillon',1,'3527370','oru',NULL,'1974-08-17',1,'2014-01-06',NULL,NULL,'images/default_avatar.png',NULL),(890,'Ximena Marcia','Rocha Rojas',1,'3028575','cba',NULL,'1978-09-19',1,'2014-01-06',NULL,NULL,'staff/avatar/2119.jpg',NULL),(891,'Maryvell Maria','Nogales Villarroel',1,'5381188','scz',NULL,'1980-07-01',1,'2014-01-06',NULL,NULL,'staff/avatar/2107.jpg',NULL),(892,'Monica Tatiana','Nava Hinojosa',1,'5188666','cba',NULL,'1980-05-31',1,'2014-01-06',NULL,NULL,'staff/avatar/2050.jpg',NULL),(893,'Carla Doroti','Castro Cuellar',1,'1140323','scr',NULL,'1971-07-03',1,'2014-01-06',NULL,NULL,'images/default_avatar.png',NULL),(894,'Julio Cesar','Illanes Castro',1,'4908044','lpz',NULL,'1981-12-23',1,'2014-01-06',NULL,NULL,'images/default_avatar.png',NULL),(895,'Victor Fabian','Quintanilla Medrano',1,'3420664','lpz',NULL,'1975-01-20',1,'2014-01-06',NULL,NULL,'images/default_avatar.png',NULL),(896,'Jorge Ramiro','Echalar Afcha',1,'2042514','lpz',NULL,'1954-11-09',1,'2014-01-06',NULL,NULL,'images/default_avatar.png',NULL),(897,'Esther Rosario','Alcocer Aquino',1,'3128235','cba',NULL,'1965-03-07',1,'2014-01-06',NULL,NULL,'staff/avatar/2005.jpg',NULL),(898,'Luis','Morales Jose',1,'4491733','cba',NULL,'1979-01-12',1,'2014-01-06',NULL,NULL,'images/default_avatar.png',NULL),(899,'Freddy Abad','Molina Segovia',1,'677110','oru',NULL,'1957-12-20',1,'2014-01-06',NULL,NULL,'staff/avatar/1951.jpg',NULL),(900,'Pamela Veronica','Bilbao Vignaud',1,'5234083','cba',NULL,'1981-05-04',1,'2014-01-06',NULL,NULL,'staff/avatar/1947.jpg',NULL),(901,'Juan Cristobal','Angulo Salinas',1,'4383819','cba',NULL,'1973-01-26',1,'2014-01-06',NULL,NULL,'staff/avatar/1945.jpg',NULL),(902,'Nancy Maria','Trujillo Lima',1,'3094558','oru',NULL,'1966-04-23',1,'2014-01-06',NULL,NULL,'staff/avatar/1941.jpg',NULL),(903,'Maria Claudia','Vargas Bravo',1,'3795027','cba',NULL,'1984-04-14',1,'2014-01-06',NULL,NULL,'staff/avatar/1908.jpg',NULL),(904,'Adriana','Castro Guevara',1,'4433732','cba',NULL,'1978-09-08',1,'2014-01-06',NULL,NULL,'staff/avatar/1741.jpg',NULL),(905,'Pablo Gustavo','Claure Aracena',1,'4534726','cba',NULL,'1979-07-11',1,'2014-01-06',NULL,NULL,'staff/avatar/1738.jpg',NULL),(906,'Johnny','Vargas Valeriano',1,'4036943','oru',NULL,'1979-10-27',1,'2014-01-06',NULL,NULL,'staff/avatar/1737.jpg',NULL),(907,'Victor Sixto','Mayta Mayta',1,'3477835','lpz',NULL,'1969-03-05',1,'2014-01-06',NULL,NULL,'staff/avatar/1653.jpg',NULL),(908,'Simon Walter','Roselio Alvarez',1,'3756493','cba',NULL,'1973-04-12',1,'2014-01-06',NULL,NULL,'staff/avatar/1652.jpg',NULL),(909,'Mariangeles Rocio','Garnica Noriega',1,'3746006','cba',NULL,'1972-05-27',1,'2014-01-06',NULL,NULL,'staff/avatar/1651.jpg',NULL),(910,'Ulfredo','Carlo Ramos',1,'4469485','cba',NULL,'1975-05-06',1,'2014-01-06',NULL,NULL,'staff/avatar/1650.jpg',NULL),(911,'Luis','Miranda Crespo',1,'3022418','cba',NULL,'1960-08-25',1,'2014-01-06',NULL,NULL,'staff/avatar/1649.jpg',NULL),(912,'Eyber Marcelo','Gallardo Soria',1,'3147112','cba',NULL,'1978-01-25',1,'2014-01-06',NULL,NULL,'staff/avatar/1647.jpg',NULL),(913,'Rene','Davila Torres',1,'4016303','pts',NULL,'1979-10-04',1,'2014-01-06',NULL,NULL,'images/default_avatar.png',NULL),(914,'Jannet Margarita','Zeballos Sempertegui',1,'3593211','cba',NULL,'1964-06-10',1,'2014-01-06',NULL,NULL,'staff/avatar/1636.jpg',NULL),(915,'Edgar Mauricio','Lara Teran',1,'4454900','cba',NULL,'1976-08-02',1,'2014-01-06',NULL,NULL,'staff/avatar/1627.jpg',NULL),(916,'Christhian Marcel','Claure Padilla',1,'4404727','cba',NULL,'1975-06-13',1,'2014-01-06',NULL,NULL,'images/default_avatar.png',NULL),(917,'Guery Eduardo','Arnez Martinez',1,'3607057','cba',NULL,'1975-10-28',1,'2014-01-06',NULL,NULL,'staff/avatar/1612.jpg',NULL),(918,'Roger Bernardo','Arauco Joffre',1,'3817909','cba',NULL,'1978-03-02',1,'2014-01-06',NULL,NULL,'staff/avatar/1611.jpg',NULL),(919,'Leticia Estefania','Orgas Calvimonte',1,'2897074','cba',NULL,'1962-03-12',1,'2014-01-06',NULL,NULL,'staff/avatar/1610.jpg',NULL),(920,'Maria Julieta','Sanzetenea Cespedes',1,'2884033','cba',NULL,'1962-07-28',1,'2014-01-06',NULL,NULL,'staff/avatar/1608.jpg',NULL),(921,'Ariel Roberto','Quinteros Guzman',1,'3737689','cba',NULL,'1978-08-30',1,'2014-01-06',NULL,NULL,'staff/avatar/1607.jpg',NULL),(922,'Gonzales Carmen','Montero Lara',1,'2877940','cba',NULL,'1963-03-01',1,'2014-01-06',NULL,NULL,'staff/avatar/1606.jpg',NULL),(923,'Mary Silvia','Enriquez Quiroga',1,'2529043','lpz',NULL,'1963-05-12',1,'2014-01-06',NULL,NULL,'staff/avatar/1604.jpg',NULL),(924,'Isabel Margoth','Cartagena Liendo',1,'993035','cba',NULL,'1960-07-07',1,'2014-01-06',NULL,NULL,'staff/avatar/1603.jpg',NULL),(925,'Rene Sandro','Maldonado Sauter',1,'2726919','oru',NULL,'1966-04-09',1,'2014-01-06',NULL,NULL,'staff/avatar/1601.jpg',NULL),(926,'Narda Gladis','Cespedes Polo',1,'3120019','cba',NULL,'1968-11-11',1,'2014-01-06',NULL,NULL,'staff/avatar/1598.jpg',NULL),(927,'David','Montaño Magariños',1,'3773805','cba',NULL,'1972-06-13',1,'2014-01-06',NULL,NULL,'staff/avatar/1238.jpg',NULL),(928,'German Ivan','Prado Sejas',1,'817147','cba',NULL,'1953-11-14',1,'2014-01-06',NULL,NULL,'staff/avatar/1206.jpg',NULL),(929,'Gonzalo Lino','Lujan Mercado',1,'3589398','cba',NULL,'1972-07-22',1,'2014-01-06',NULL,NULL,'staff/avatar/1154.jpg',NULL),(930,'Carlos Enrique','Alvarado Carvalho',1,'4192130','ben',NULL,'1980-11-17',1,'2014-01-06',NULL,NULL,'images/default_avatar.png',NULL),(931,'Ives Gabriel','Pereira Velasco',1,'5090593','pts',NULL,'1979-07-23',1,'2014-01-06',NULL,NULL,'images/default_avatar.png',NULL);
/*!40000 ALTER TABLE `staff_staff` ENABLE KEYS */;
UNLOCK TABLES;

--
-- Table structure for table `umessages_message`
--

DROP TABLE IF EXISTS `umessages_message`;
/*!40101 SET @saved_cs_client     = @@character_set_client */;
/*!40101 SET character_set_client = utf8 */;
CREATE TABLE `umessages_message` (
  `id` int(11) NOT NULL AUTO_INCREMENT,
  `body` longtext NOT NULL,
  `sender_id` int(11) NOT NULL,
  `sent_at` datetime NOT NULL,
  `sender_deleted_at` datetime DEFAULT NULL,
  PRIMARY KEY (`id`),
  KEY `umessages_message_0a681a64` (`sender_id`),
  CONSTRAINT `sender_id_refs_id_a8899ce2` FOREIGN KEY (`sender_id`) REFERENCES `auth_user` (`id`)
) ENGINE=InnoDB DEFAULT CHARSET=latin1;
/*!40101 SET character_set_client = @saved_cs_client */;

--
-- Dumping data for table `umessages_message`
--

LOCK TABLES `umessages_message` WRITE;
/*!40000 ALTER TABLE `umessages_message` DISABLE KEYS */;
/*!40000 ALTER TABLE `umessages_message` ENABLE KEYS */;
UNLOCK TABLES;

--
-- Table structure for table `umessages_messagecontact`
--

DROP TABLE IF EXISTS `umessages_messagecontact`;
/*!40101 SET @saved_cs_client     = @@character_set_client */;
/*!40101 SET character_set_client = utf8 */;
CREATE TABLE `umessages_messagecontact` (
  `id` int(11) NOT NULL AUTO_INCREMENT,
  `um_from_user_id` int(11) NOT NULL,
  `um_to_user_id` int(11) NOT NULL,
  `latest_message_id` int(11) NOT NULL,
  PRIMARY KEY (`id`),
  UNIQUE KEY `um_from_user_id` (`um_from_user_id`,`um_to_user_id`),
  KEY `umessages_messagecontact_45cb2745` (`um_from_user_id`),
  KEY `umessages_messagecontact_59d67378` (`um_to_user_id`),
  KEY `umessages_messagecontact_3e10a07c` (`latest_message_id`),
  CONSTRAINT `latest_message_id_refs_id_3a21a5de` FOREIGN KEY (`latest_message_id`) REFERENCES `umessages_message` (`id`),
  CONSTRAINT `um_from_user_id_refs_id_63403b7d` FOREIGN KEY (`um_from_user_id`) REFERENCES `auth_user` (`id`),
  CONSTRAINT `um_to_user_id_refs_id_63403b7d` FOREIGN KEY (`um_to_user_id`) REFERENCES `auth_user` (`id`)
) ENGINE=InnoDB DEFAULT CHARSET=latin1;
/*!40101 SET character_set_client = @saved_cs_client */;

--
-- Dumping data for table `umessages_messagecontact`
--

LOCK TABLES `umessages_messagecontact` WRITE;
/*!40000 ALTER TABLE `umessages_messagecontact` DISABLE KEYS */;
/*!40000 ALTER TABLE `umessages_messagecontact` ENABLE KEYS */;
UNLOCK TABLES;

--
-- Table structure for table `umessages_messagerecipient`
--

DROP TABLE IF EXISTS `umessages_messagerecipient`;
/*!40101 SET @saved_cs_client     = @@character_set_client */;
/*!40101 SET character_set_client = utf8 */;
CREATE TABLE `umessages_messagerecipient` (
  `id` int(11) NOT NULL AUTO_INCREMENT,
  `user_id` int(11) NOT NULL,
  `message_id` int(11) NOT NULL,
  `read_at` datetime DEFAULT NULL,
  `deleted_at` datetime DEFAULT NULL,
  PRIMARY KEY (`id`),
  KEY `umessages_messagerecipient_6340c63c` (`user_id`),
  KEY `umessages_messagerecipient_d4a47933` (`message_id`),
  CONSTRAINT `message_id_refs_id_6aab3a39` FOREIGN KEY (`message_id`) REFERENCES `umessages_message` (`id`),
  CONSTRAINT `user_id_refs_id_20fd8be1` FOREIGN KEY (`user_id`) REFERENCES `auth_user` (`id`)
) ENGINE=InnoDB DEFAULT CHARSET=latin1;
/*!40101 SET character_set_client = @saved_cs_client */;

--
-- Dumping data for table `umessages_messagerecipient`
--

LOCK TABLES `umessages_messagerecipient` WRITE;
/*!40000 ALTER TABLE `umessages_messagerecipient` DISABLE KEYS */;
/*!40000 ALTER TABLE `umessages_messagerecipient` ENABLE KEYS */;
UNLOCK TABLES;

--
-- Table structure for table `userena_userenasignup`
--

DROP TABLE IF EXISTS `userena_userenasignup`;
/*!40101 SET @saved_cs_client     = @@character_set_client */;
/*!40101 SET character_set_client = utf8 */;
CREATE TABLE `userena_userenasignup` (
  `id` int(11) NOT NULL AUTO_INCREMENT,
  `user_id` int(11) NOT NULL,
  `last_active` datetime DEFAULT NULL,
  `activation_key` varchar(40) NOT NULL,
  `activation_notification_send` tinyint(1) NOT NULL,
  `email_unconfirmed` varchar(75) NOT NULL,
  `email_confirmation_key` varchar(40) NOT NULL,
  `email_confirmation_key_created` datetime DEFAULT NULL,
  PRIMARY KEY (`id`),
  UNIQUE KEY `user_id` (`user_id`),
  CONSTRAINT `user_id_refs_id_e8e75d2d` FOREIGN KEY (`user_id`) REFERENCES `auth_user` (`id`)
) ENGINE=InnoDB DEFAULT CHARSET=latin1;
/*!40101 SET character_set_client = @saved_cs_client */;

--
-- Dumping data for table `userena_userenasignup`
--

LOCK TABLES `userena_userenasignup` WRITE;
/*!40000 ALTER TABLE `userena_userenasignup` DISABLE KEYS */;
/*!40000 ALTER TABLE `userena_userenasignup` ENABLE KEYS */;
UNLOCK TABLES;

--
-- Table structure for table `utils_typedocument`
--

DROP TABLE IF EXISTS `utils_typedocument`;
/*!40101 SET @saved_cs_client     = @@character_set_client */;
/*!40101 SET character_set_client = utf8 */;
CREATE TABLE `utils_typedocument` (
  `id` int(11) NOT NULL AUTO_INCREMENT,
  `key` varchar(10) NOT NULL,
  `val` varchar(30) NOT NULL,
  `description` varchar(140) DEFAULT NULL,
  PRIMARY KEY (`id`),
  UNIQUE KEY `key` (`key`)
) ENGINE=InnoDB AUTO_INCREMENT=2 DEFAULT CHARSET=latin1;
/*!40101 SET character_set_client = @saved_cs_client */;

--
-- Dumping data for table `utils_typedocument`
--

LOCK TABLES `utils_typedocument` WRITE;
/*!40000 ALTER TABLE `utils_typedocument` DISABLE KEYS */;
INSERT INTO `utils_typedocument` VALUES (1,'CI','Carne de Identidad','Documento de identidad para personas del pais');
/*!40000 ALTER TABLE `utils_typedocument` ENABLE KEYS */;
UNLOCK TABLES;
/*!40103 SET TIME_ZONE=@OLD_TIME_ZONE */;

/*!40101 SET SQL_MODE=@OLD_SQL_MODE */;
/*!40014 SET FOREIGN_KEY_CHECKS=@OLD_FOREIGN_KEY_CHECKS */;
/*!40014 SET UNIQUE_CHECKS=@OLD_UNIQUE_CHECKS */;
/*!40101 SET CHARACTER_SET_CLIENT=@OLD_CHARACTER_SET_CLIENT */;
/*!40101 SET CHARACTER_SET_RESULTS=@OLD_CHARACTER_SET_RESULTS */;
/*!40101 SET COLLATION_CONNECTION=@OLD_COLLATION_CONNECTION */;
/*!40111 SET SQL_NOTES=@OLD_SQL_NOTES */;

-- Dump completed on 2014-03-06 10:57:40
